belonging,Lng,Lat,Cid,followers,totalPrice,price,square,livingRoom,drawingRoom,kitchen,bathRoom,buildingType,constructionTime,renovationCondition,buildingStructure,ladderRatio,elevator,fiveYearsProperty,subway,district,communityAverage,year,month,day,floor_num,relativeHeight,house_cnt,mall_cnt
3,116.555729,40.162058,1111027379605.0,11.635294117647058,194.16294117647055,22677.117647058825,85.37641176470588,1.876470588235294,1.3705882352941177,0.9941176470588236,1.3823529411764706,3.4176470588235293,2009.0,2.2294117647058824,2.3176470588235296,0.3993176470588235,0.0,0.288235294117647,0.0,13.0,44235.0,2014.2823529411764,6.676470588235294,16.264705882352942,8.288235294117648,1.8235294117647056,170.0,2.0
4,116.42459556768884,40.12692519670905,1111028314778.498,24.51458489154824,260.13994016454745,27669.44427823485,97.44793567688856,2.197456993268512,1.379207180254301,1.0,1.2640239341810022,3.994764397905759,2000.9663425579656,2.81226626776365,2.3171278982797308,0.4618556469708302,0.0516080777860882,0.6679132385938669,0.0,6.0,35996.07928197457,2015.4846671652956,6.670157068062827,16.67763649962603,6.080777860882573,2.320867614061332,1337.0,2.0
5,116.55753318882604,40.10269536987271,1111028334622.8877,15.805516265912306,299.0563649222065,29899.97312588402,103.0130198019802,2.282885431400283,1.2984441301272984,0.9504950495049505,1.4186704384724187,3.507779349363508,2004.2446958981611,2.398161244695898,4.379066478076379,0.4306548797736916,0.5919377652050919,0.5141442715700142,0.4702970297029702,13.0,46924.14427157002,2014.81117397454,6.634370579915134,16.282178217821784,8.357850070721359,2.181046676096181,1414.0,1.0
6,116.42984593763072,40.080456903308615,1111028052281.5083,16.370222475755845,277.68901882487165,24723.336185586613,117.93705837611714,2.3437915953603348,1.353489256512645,1.0,1.528807758128922,3.213823920897509,2002.9536984217527,2.556189389617798,3.0631298725993537,0.4208714584521771,0.5230081764594029,0.6068644228940864,0.3301007796158965,6.009412435824301,38433.459307853205,2014.675603726944,6.66029663434113,16.289979083475945,12.98716486023959,2.1392850351777906,10518.0,3.0
9,116.67180774803148,40.20991499212598,1111027377879.9922,6.535433070866142,202.84881889763776,22966.181102362203,88.0687401574803,2.795275590551181,1.937007874015748,1.0236220472440944,1.5748031496062993,4.0,2008.0,2.125984251968504,5.968503937007874,0.351511811023622,0.984251968503937,0.2519685039370078,0.0,13.0,43404.07874015748,2014.1968503937007,5.9763779527559056,14.881889763779528,6.0,2.31496062992126,127.0,1.0
11,116.679737,40.219508,1111046920919.0,34.0,312.5,23752.5,130.43,3.0,2.0,1.0,2.0,4.0,2013.0,2.0,6.0,0.5,1.0,0.0,0.0,13.0,27425.0,2016.0,5.5,12.0,8.0,3.5,2.0,1.0
25,116.70038625178148,39.94120390498813,1111027381539.7412,14.342042755344416,236.1650831353919,26255.12826603325,92.05106888361044,2.0641330166270784,1.2636579572446556,1.0,1.180522565320665,3.855106888361045,2004.8669833729216,2.584323040380048,2.98812351543943,0.4466413301662708,0.1567695961995249,0.6342042755344418,0.0,11.0,40733.71496437055,2014.6793349168647,6.3729216152019,16.446555819477435,6.75771971496437,2.197149643705463,421.0,1.0
26,116.703713,39.95821,1111027379259.0,5.912133891213389,204.03849372384937,19428.79079497908,105.00857740585774,3.0,1.209205020920502,1.0,1.0125523012552302,4.0,1993.9832635983264,2.2594142259414225,2.317991631799164,0.5,0.0,0.7405857740585774,0.0,11.0,32117.0,2014.418410041841,6.644351464435147,16.184100418410043,6.0,2.100418410041841,239.0,0.0
27,116.5980444885399,40.055010930390495,1111027378199.776,11.924448217317488,180.1752546689304,24881.60483870968,73.98915534804755,2.163412563667233,1.1120543293718166,0.9978777589134126,1.0988964346349746,3.8556876061120544,1991.457130730051,2.274617996604414,2.487266553480475,0.4157716468590832,0.0585738539898132,0.6757215619694398,0.0509337860780984,8.930390492359932,38386.51315789474,2014.8204584040748,6.66213921901528,16.580220713073004,6.089983022071308,2.326400679117148,2356.0,5.0
28,116.63426201767678,40.032168104797975,1111027381751.832,10.656565656565656,171.52323232323232,21475.81691919192,88.93988636363636,1.9898989898989896,1.2247474747474747,1.0012626262626263,1.202020202020202,3.8446969696969697,1999.042929292929,2.5416666666666665,2.2133838383838382,0.4306477272727272,0.0,0.7159090909090909,0.0,13.0,34179.479797979795,2015.0290404040404,6.613636363636363,16.79419191919192,6.295454545454546,2.1515151515151514,792.0,1.0
51,116.1343602631579,40.24403263157895,1111059521048.4736,65.63157894736842,183.02631578947367,29704.105263157893,65.17,1.8421052631578947,1.105263157894737,1.0,1.0,4.0,1993.421052631579,3.210526315789474,2.1578947368421053,0.4559999999999999,0.0,0.7368421052631579,0.0,6.0,27760.157894736843,2016.842105263158,5.631578947368421,16.36842105263158,5.578947368421052,2.473684210526316,19.0,1.0
79,116.31876424210526,39.63121545263158,1111031350936.1685,20.93684210526316,302.76631578947365,22246.86315789473,143.20410526315789,2.9368421052631577,1.7263157894736842,1.0,1.9052631578947368,2.8526315789473684,2009.378947368421,2.642105263157895,5.88421052631579,0.3410947368421053,0.5157894736842106,0.1789473684210526,0.0,4.0,31270.75789473684,2015.4526315789476,6.71578947368421,16.94736842105263,10.821052631578947,1.936842105263158,95.0,0.0
83,116.19021618666666,39.76667242567901,1111040478812.3245,24.17037037037037,266.2702716049383,29536.934320987653,91.01958024691358,2.208395061728395,1.1871604938271605,0.9995061728395062,1.1323456790123456,3.269629629629629,2010.2607407407409,3.3619753086419752,5.494320987654321,0.4455550617283951,0.8360493827160493,0.2034567901234568,0.3624691358024691,5.0,36770.55901234568,2016.110617283951,6.729876543209876,17.405925925925924,14.22716049382716,2.1422222222222222,2025.0,5.0
84,116.5459657992565,39.81500667657993,1111034133462.2043,18.308550185873607,326.742750929368,34591.04460966543,96.1978066914498,2.3643122676579926,1.4014869888475836,0.9925650557620818,1.204460966542751,3.9442379182156135,2010.810408921933,2.6319702602230484,5.933085501858736,0.4525650557620818,0.6802973977695167,0.174721189591078,0.0,5.899628252788104,49198.92565055762,2015.2453531598512,6.174721189591078,17.074349442379184,9.41263940520446,2.104089219330855,269.0,6.0
85,116.4942016948436,39.797469846153845,1111028617279.7422,16.927303465765004,272.736517328825,31281.687235841084,87.10262045646661,1.9158918005071848,1.1931530008453086,0.9978867286559594,1.2882502113271344,2.9683009298393914,2005.050718512257,2.6682163989856296,4.907016060862214,0.3826483516483516,0.6593406593406593,0.4953508030431107,0.441251056635672,3.172020287404903,47416.31149619611,2015.0866441251055,6.453930684699915,16.62975486052409,13.361792054099746,2.2362637362637363,2366.0,7.0
86,116.54513014855571,39.75160674277854,1111029941197.659,16.082530949105916,239.9554332874828,23318.93122420908,104.20059147180191,2.5199449793672626,1.5543328748280605,1.0,1.3397524071526823,3.845942228335626,2008.565337001376,2.730398899587345,5.658872077028886,0.5480165061898212,0.7290233837689133,0.3603851444291609,0.0,8.23796423658872,34799.477303989,2015.0440165061896,6.574965612104539,15.548830811554334,13.71939477303989,2.0508940852819806,727.0,4.0
116,116.7026698724083,39.91634527671452,1111030475045.1675,11.389952153110048,287.9918660287081,33890.63237639554,88.32129984051036,1.9992025518341308,1.4728867623604465,0.9992025518341308,1.3269537480063796,3.011164274322169,2006.8405103668265,2.672248803827751,4.871610845295056,0.4199736842105263,0.69377990430622,0.4585326953748006,0.3173843700159489,11.0,53927.32296650718,2014.7041467304623,6.421052631578948,16.437001594896334,13.241626794258371,2.025518341307815,1254.0,0.0
120,116.65793712623596,39.91028742326967,1111027940015.1943,13.067316808885275,231.5131518352973,27655.047947988623,85.98306921305702,1.9382364892320196,1.2637139374238116,1.0012190166598944,1.2053365840444263,3.373425436814303,2002.4636326696464,2.549641067316809,3.931193281863741,0.4223754571312474,0.4510361641609102,0.7180008126777733,0.4171745902749559,10.852092645266152,43237.70743600163,2014.4863876472975,6.573073276445889,16.449139916023295,11.29134498171475,2.1943654341053773,7383.0,16.0
121,116.38896213822892,40.0533946112311,1111027375700.2375,17.52267818574514,355.72597192224623,39494.14524838013,91.57483261339092,2.0199784017278617,1.3704103671706265,1.005939524838013,1.2386609071274295,3.6079913606911447,2005.5529157667384,2.5615550755939527,4.344492440604752,0.4659233261339093,0.5367170626349892,0.5615550755939525,0.2532397408207343,7.332613390928726,62330.15820734341,2014.4638228941683,6.561015118790497,16.035097192224622,11.013498920086391,2.159827213822894,1852.0,3.0
122,116.35765969123683,40.08265644699269,1194333034071.818,16.088345529180796,290.73922898447256,31328.46207388899,96.30684365518472,2.27003391040514,1.2912725325718366,0.999375334642156,1.2654827770837052,3.7350526503658754,2003.1688381224344,2.6531322505800463,3.239514545779047,0.4412376405497055,0.2266642869891129,0.6385864715331072,0.6489380688916652,6.151882919864359,47079.34633232197,2014.7375513117968,6.675174013921113,16.31500981616991,8.041049437801178,2.221666964126361,11206.0,3.0
123,116.32513225027164,40.07323511082941,1238566229475.8215,18.78721477725462,328.5819087287215,35723.6593625498,93.69783955088737,2.152118797537124,1.319268381021369,0.9954726548352046,1.1986599058312206,3.5383918869974647,2004.038210793191,2.7073524085476275,4.258964143426295,0.479921043100326,0.5427381383556682,0.6374501992031872,0.4663165519739224,6.27345164795364,49516.38898949656,2014.9934806229628,6.628033321260413,16.105396595436435,12.934444042013762,2.1441506700470843,5522.0,7.0
125,116.116904,39.910865,1111047727551.0,13.182926829268292,401.4073170731708,39329.20731707317,101.84121951219512,2.304878048780488,1.0853658536585369,0.8780487804878049,1.2439024390243902,4.0,2012.0,3.182926829268293,6.0,0.4816463414634146,1.0,0.0,0.024390243902439,12.0,46120.0,2016.060975609756,6.646341463414634,18.07317073170732,20.76829268292683,2.182926829268293,82.0,1.0
126,116.111318,39.949921,1111027377794.0,6.465968586387435,229.4979057591623,23350.03664921466,98.53083769633508,2.130890052356021,1.2670157068062826,0.4345549738219895,1.18848167539267,4.0,2005.565445026178,3.450261780104712,2.900523560209424,0.4712041884816754,0.1151832460732984,0.2984293193717277,0.0,12.0,36923.24607329843,2013.8324607329844,6.329842931937173,14.12565445026178,6.654450261780105,2.261780104712042,191.0,3.0
127,116.3403161346685,39.78706586498619,1111031905948.614,11.636740331491712,290.1534185082873,31955.46995856353,91.6707700276243,2.112914364640884,1.4129834254143647,0.9972375690607734,1.227900552486188,3.429558011049724,2005.529005524862,2.481353591160221,4.227900552486188,0.4532109806629834,0.5262430939226519,0.4043508287292817,0.6484806629834254,4.0,49337.56595303868,2014.6864640883975,6.405386740331492,16.1253453038674,12.63846685082873,2.119129834254144,2896.0,2.0
128,116.43990002999676,39.805018147375286,1111027946372.9814,14.578415389631562,242.5053472448647,28965.592761656342,84.8843495272253,2.0502119334854907,1.2722530159765242,1.000652103032279,1.1480273883273555,3.850668405608086,2000.908705575481,2.4512552983371374,3.576133029018585,0.4406250407564395,0.2041082491033583,0.6843821323769156,0.0616237365503749,3.3198565373328988,43232.35898271927,2014.682099771764,6.515487447016628,16.235735246168893,7.100423866970981,2.265405934137594,3067.0,4.0
129,116.67331010322316,39.87805474663403,1111027916513.3618,11.083639330885353,220.8931048551612,27243.72786617707,82.95303549571604,1.8412892696858425,1.2492860057119544,0.999592003263974,1.1619747042023665,3.50999592003264,2006.481844145247,2.5699714402284783,5.099959200326397,0.414827825377397,0.6560587515299877,0.5324357405140759,0.2766217870257038,11.0,45496.611587107305,2014.499796001632,6.517339861281109,16.58873929008568,12.895960832313342,2.1595267237862097,2451.0,4.0
130,116.33193275249944,39.747192523883584,1111030263379.63,16.25461008664741,261.48626971784046,32507.183736947343,82.51261497445013,2.1832926016440792,1.2779382359475673,1.0002221728504777,1.2446123083759164,3.673405909797823,2003.0479893357035,2.473005998666963,4.337258387025106,0.4288289269051322,0.5263274827816041,0.466118640302155,0.7249500111086425,4.0,45673.54321261942,2014.955343257054,6.513441457453899,16.649411241946233,12.184847811597423,2.208842479449012,4501.0,27.0
131,116.14702904814814,39.72813267407407,1111028032509.6814,29.742592592592597,214.32666666666665,24962.12777777778,88.99988888888889,1.8685185185185185,1.0407407407407407,0.9962962962962963,1.1666666666666667,3.55925925925926,2008.203703703704,3.109259259259259,5.633333333333334,0.3110555555555555,0.8759259259259259,0.4018518518518518,0.5277777777777778,5.0,33190.066666666666,2016.0574074074077,6.496296296296296,17.057407407407407,12.696296296296296,2.2092592592592597,540.0,7.0
132,116.151387,40.151709,1111027375742.0,14.25,255.225,26938.5,97.2725,2.125,1.125,1.0,1.125,4.0,2006.375,2.5,4.25,0.5,0.0,0.625,0.0,6.0,33339.0,2016.25,5.125,15.5,6.0,2.125,8.0,1.0
133,116.26857798932927,40.16341913109756,1111028626599.2683,26.73628048780488,216.4568597560976,35710.21493902439,63.96564024390244,1.9390243902439024,0.8201219512195121,0.9939024390243902,1.0442073170731707,3.94969512195122,2007.3003048780488,3.0853658536585367,5.390243902439025,0.357810975609756,0.7850609756097561,0.1996951219512195,0.0,6.0,43274.85670731707,2016.030487804878,7.125,16.704268292682926,14.864329268292684,2.1128048780487805,656.0,3.0
134,116.27331711111113,40.12410102380952,1111044308988.762,28.03174603174603,304.9214285714286,37837.49206349206,80.45809523809524,2.1825396825396823,1.253968253968254,1.0,1.0238095238095235,3.992063492063492,2010.746031746032,2.880952380952381,5.73015873015873,0.5636111111111111,0.9126984126984128,0.0476190476190476,0.0,6.0,46517.31746031746,2016.15873015873,6.349206349206349,15.904761904761903,15.428571428571429,1.9365079365079363,126.0,0.0
136,116.651425,39.843737,1111063141176.0,41.125,286.85,45186.25,63.50625,1.75,1.0,1.0,1.0,4.0,2014.375,3.125,6.0,0.281125,0.0,0.0,0.0,11.0,37701.0,2016.75,5.75,24.75,12.0,3.375,8.0,0.0
141,116.07400025,39.672410375,1111048181360.9375,31.541666666666668,225.30625,24810.229166666668,92.10979166666668,2.270833333333333,1.2291666666666667,1.0,1.1458333333333333,3.9583333333333335,2010.7708333333333,2.645833333333333,5.125,0.5069374999999999,0.0,0.0625,0.0,5.0,27798.14583333333,2016.6041666666667,5.395833333333333,17.3125,11.916666666666666,2.1666666666666665,48.0,2.0
142,116.08164600000002,39.720928,1111055565875.0,36.44444444444444,233.4777777777778,26771.777777777777,88.95777777777778,1.6666666666666667,1.3333333333333333,1.0,1.2222222222222223,4.0,2011.0,3.0,6.0,0.4352222222222222,1.0,0.1111111111111111,1.0,5.0,30520.0,2016.3333333333333,7.555555555555555,12.444444444444445,13.77777777777778,2.4444444444444446,9.0,1.0
147,116.3281272437811,39.67646365671642,12066617059191.393,17.47761194029851,325.72487562189053,36677.42786069652,88.0955223880597,2.656716417910448,1.2985074626865671,1.0049751243781095,1.2885572139303485,4.0,2014.0,2.393034825870646,6.0,0.5149253731343284,1.0,0.0,1.0,4.0,43656.10447761194,2016.273631840796,6.721393034825871,17.572139303482587,26.63681592039801,2.0646766169154227,201.0,0.0
148,116.423115,39.676405,1111027381935.0,30.26086956521739,240.2826086956522,27919.478260869564,86.30130434782609,2.0,1.0434782608695652,1.0,1.1304347826086956,4.0,2011.9130434782608,2.5217391304347827,5.739130434782608,0.4854347826086957,0.0434782608695652,0.0,0.0,4.0,26169.0,2016.5217391304348,5.260869565217392,13.695652173913045,5.956521739130435,2.217391304347826,23.0,0.0
149,116.350548,39.74513611869436,1111027376965.8325,13.210089020771512,184.5992284866469,24824.306231454008,75.45676557863501,2.1086053412462906,1.1103857566765578,1.0,1.0433234421364983,3.851038575667656,1995.873590504451,2.3026706231454006,2.5281899109792283,0.4592700296735905,0.1115727002967359,0.769139465875371,0.3323442136498516,4.0,36810.83204747774,2014.5833827893173,6.588724035608308,16.258753709198814,6.8142433234421365,2.343026706231454,1685.0,0.0
167,116.68619383246072,40.12477511692845,1111027378642.3735,3.783595113438045,193.00977312390927,19155.71029668412,97.23549738219896,2.2129144851657943,1.3141361256544504,1.0017452006980805,1.2705061082024434,3.7417102966841194,1997.3996509598603,1.888307155322862,2.4886561954624784,0.4725130890052356,0.212914485165794,0.6719022687609075,0.0,13.0,36053.92670157068,2013.5811518324608,6.270506108202444,15.783595113438045,7.776614310645725,2.452006980802792,573.0,0.0
170,116.66416132282713,40.18327135052531,1111027379649.3447,8.76313276026743,246.965329512894,23012.23400191022,107.98880611270296,2.67621776504298,1.6743075453677172,1.0,1.556829035339064,3.8500477554918815,2007.9808978032477,2.3744030563514804,4.533906399235912,0.4439723018147087,0.6475644699140402,0.2368672397325692,0.0,13.0,37105.5787965616,2014.812798471824,6.468003820439351,16.825214899713465,9.966571155682905,2.238777459407832,1047.0,0.0
171,116.66172362069824,40.12940512817956,1111027379388.5266,8.335162094763092,201.44341645885285,24251.73067331671,84.87029675810474,2.0596009975062346,1.184788029925187,0.9997506234413964,1.122443890274314,3.6683291770573567,1999.4069825436409,2.376807980049876,2.938154613466334,0.4888528678304239,0.2910224438902743,0.642643391521197,0.4668329177057356,13.0,39115.1289276808,2014.442144638404,6.639152119700748,16.316708229426435,8.794014962593517,2.431172069825436,4010.0,15.0
174,116.24185665041443,40.22157446172599,1450839099101.3066,23.621160409556317,220.7697220867869,30741.836177474404,74.03994149195515,1.9151633349585568,1.0794734275962945,0.9887859580692344,1.0794734275962945,3.475865431496831,2000.7815699658704,3.028278888347148,3.6323744514870793,0.3806153096050707,0.3115553388590931,0.5460750853242321,0.295465626523647,6.0,38845.02242808386,2016.0472940029251,6.724524622135544,16.418820087762068,10.42077035592394,2.42320819112628,2051.0,8.0
175,116.336534,40.217354,1111057282674.8,22.33333333333333,250.5,23219.8,119.26266666666668,2.7333333333333334,1.6,1.0,1.6666666666666667,4.0,2008.6,2.533333333333333,4.8,0.5,0.0,0.1333333333333333,0.0,6.0,31860.6,2016.0666666666664,7.6,13.0,4.733333333333333,1.9333333333333331,15.0,1.0
176,116.121949,40.215899,1111027378569.0,35.5,161.78333333333333,23837.25,68.9025,2.0,1.0833333333333333,1.0,1.0,4.0,1998.3333333333333,3.25,2.1666666666666665,0.4025833333333333,0.0,0.75,0.0,6.0,28158.0,2016.5833333333333,5.833333333333333,16.083333333333332,5.666666666666667,2.25,12.0,0.0
177,116.197994,40.192565,1111027378849.0,10.0,118.0,19667.0,60.0,2.0,1.0,1.0,1.0,4.0,1992.0,1.0,2.0,0.5,0.0,1.0,1.0,6.0,30278.0,2016.0,9.0,4.0,6.0,1.0,1.0,0.0
178,116.27215876004728,40.18579423167849,1111033196005.9692,21.45744680851064,219.36713947990543,32664.339243498816,66.36444444444444,1.781323877068558,0.7635933806146572,0.8699763593380615,1.1394799054373523,3.5945626477541373,2009.565011820331,3.00354609929078,5.799054373522458,0.4144444444444444,0.91725768321513,0.1725768321513002,0.1465721040189125,6.0,43169.403073286056,2016.111111111111,6.725768321513002,16.997635933806148,16.969267139479907,1.9869976359338064,846.0,2.0
179,116.32997199999998,40.174041,1111027379664.0,26.639344262295083,210.60491803278688,27565.65573770492,80.67311475409836,1.786885245901639,1.147540983606557,0.9672131147540984,1.1639344262295082,4.0,2004.2459016393443,3.39344262295082,3.80327868852459,0.3443606557377049,0.0,0.6557377049180327,0.0,6.0,33905.0,2015.983606557377,5.950819672131147,14.9672131147541,5.983606557377049,2.557377049180328,61.0,0.0
180,116.41756975862069,40.16871656896552,1111031518487.6724,39.37931034482759,289.0241379310345,28772.12068965517,101.62413793103448,1.9655172413793105,1.2586206896551724,0.9655172413793104,1.4310344827586208,4.0,2005.8275862068965,3.1206896551724137,4.793103448275862,0.4050689655172413,0.7931034482758621,0.5344827586206896,0.0,6.0,34969.293103448275,2016.2758620689656,7.344827586206897,16.25862068965517,6.724137931034483,2.2586206896551726,58.0,3.0
181,116.35755434746468,40.094907577306735,1111027667277.1638,14.020781379883624,315.2983790523691,30848.874480465503,106.40204073150456,2.4222776392352454,1.3798836242726518,0.9995843724023276,1.42809642560266,3.880299251870324,2005.1022443890276,2.63715710723192,3.0939318370739817,0.4388898586866168,0.3333333333333333,0.6450540315876975,0.7335827098919369,6.0,44772.56940980881,2014.6658354114716,6.709891936824605,16.043640897755612,7.152950955943474,2.2369077306733165,2406.0,0.0
182,116.31521067435423,40.091927392988936,1111029476642.012,21.49630996309963,288.96595940959406,29938.2167896679,101.38228782287824,2.3450184501845017,1.2656826568265682,1.0018450184501846,1.4640221402214022,3.987084870848709,2006.392066420664,2.702952029520296,3.071955719557196,0.4322177121771218,0.1678966789667896,0.6411439114391144,0.253690036900369,6.0,43463.60516605166,2015.09963099631,6.682656826568266,16.34778597785978,6.257380073800738,2.329335793357933,1084.0,0.0
183,116.40005800000002,40.189649,1111027377217.0,38.67857142857143,259.2035714285714,29857.285714285717,75.67392857142856,1.8214285714285716,1.0357142857142858,1.0,1.25,3.571428571428572,2010.6785714285716,3.5357142857142856,6.0,0.1966428571428571,1.0,0.0714285714285714,0.0,6.0,36912.0,2016.5,7.642857142857143,17.035714285714285,7.928571428571429,1.8571428571428568,28.0,1.0
194,116.3426230537256,39.90327591877199,1111027494966.629,19.61304764950432,341.91969939238885,65950.4685001599,52.47385673169172,1.4889670610809085,0.8183562519987209,0.9590661976335144,1.078349856092101,1.811000959385993,1998.9779341221615,2.6728493763991046,4.90566037735849,0.2129459545890629,0.8055644387591941,0.6191237607930924,0.9142948512951712,9.725615606012152,93375.78285897024,2014.7873361048928,6.711544611448673,16.451231212024304,17.006076111288774,2.120243044451551,3127.0,1.0
195,116.34567021516392,39.9223183647541,1111027379812.2192,11.399590163934429,535.7311475409836,80375.3094262295,65.63428278688524,1.9918032786885247,0.9979508196721312,1.0,1.0471311475409837,2.844262295081968,1986.688524590164,2.3545081967213117,3.80327868852459,0.3511434426229508,0.4016393442622951,0.7520491803278688,0.3954918032786885,9.901639344262296,120215.89549180328,2014.424180327869,6.206967213114754,16.53073770491803,10.295081967213116,2.096311475409836,488.0,0.0
196,116.30828287789306,39.9208736943336,1111027377645.7288,16.05586592178771,421.1008778930567,67639.38547486033,63.024309656823625,1.971268954509178,1.034317637669593,0.9992019154030328,1.0438946528332005,3.3128491620111733,1990.3806863527532,2.7063048683160416,3.2944932162809257,0.3326504389465283,0.2968874700718276,0.7470071827613727,0.8587390263367917,8.0,91793.24181963288,2014.877094972067,6.880287310454908,16.845969672785316,9.418196328810854,2.260175578611333,1253.0,3.0
197,116.3401983972752,39.933831112806544,1111027392918.35,14.9291553133515,461.71547683923706,65291.23705722071,70.25508446866485,1.962397820163488,1.0686648501362397,1.0,1.0861035422343324,3.100272479564033,1989.3498637602177,2.471934604904632,3.75858310626703,0.3410141689373296,0.3384196185286103,0.797275204359673,0.95858310626703,8.906811989100817,95820.27847411444,2014.5542234332424,6.769482288828338,16.617983651226158,10.695367847411443,2.1253405994550407,1835.0,1.0
198,116.35633082248522,39.93004420769231,1111027401462.397,19.294082840236687,473.6849112426036,71472.47573964497,67.00032544378698,2.023076923076923,1.0106508875739646,0.9940828402366864,1.0615384615384615,3.111834319526628,1987.291124260355,2.5218934911242603,3.2994082840236687,0.3188041420118343,0.450887573964497,0.7313609467455622,0.8781065088757396,10.0,102596.07396449705,2014.7295857988163,6.775739644970415,16.297041420118344,10.657396449704144,2.163313609467456,1690.0,0.0
199,116.35429800518132,39.91747698445596,1111027615853.981,19.259067357512954,502.6119170984456,76854.75474956822,65.37341968911917,1.979274611398964,0.9844559585492229,0.998272884283247,1.0500863557858378,2.772020725388601,1989.2504317789287,2.5613126079447324,3.623488773747841,0.3218566493955095,0.538860103626943,0.7392055267702936,0.844559585492228,10.0,106456.29706390329,2014.7996545768567,6.715025906735751,17.10362694300518,11.654576856649395,2.139896373056995,579.0,1.0
200,116.37868710778444,39.93052599600798,1111027465590.587,11.82435129740519,619.9829341317366,89116.88023952096,69.7458383233533,1.908183632734531,1.0828343313373254,0.99500998003992,1.0808383233532934,3.7744510978043913,1993.4251497005987,2.538922155688623,3.012974051896208,0.3878313373253493,0.2045908183632734,0.7145708582834331,0.9810379241516968,10.0,134343.54091816366,2014.6197604790416,6.756487025948104,16.169660678642714,7.286427145708583,2.0499001996007986,1002.0,1.0
201,116.37838749382716,39.90661270435348,1111027378913.3503,16.62313190383366,554.567706302794,80634.49512670565,68.98445743989603,1.9005847953216373,0.9831059129304744,0.9837556855100714,1.0773229369720598,2.695906432748538,1991.12930474334,2.687459389213775,4.530864197530864,0.2772384665367121,0.7179987004548408,0.7361923326835608,0.9564652371669916,10.0,112259.67641325537,2014.8615984405455,6.846003898635478,16.70175438596491,12.297595841455491,2.126055880441845,1539.0,9.0
202,116.35780727398443,39.90503635004321,1111027567860.586,16.98789974070873,437.2850475367329,71384.66378565255,61.42148660328436,1.9818496110630943,0.9602420051858254,1.0,1.0190146931719966,3.22990492653414,1983.7692307692307,2.617977528089888,3.1028522039757997,0.3311400172860847,0.3543647363872083,0.7605877268798618,0.8522039757994814,10.0,102067.46931719963,2014.9222126188415,6.784788245462403,16.961970613656007,9.244598098530682,2.2074330164217804,1157.0,4.0
203,116.37122493175072,39.89229126508408,1111027378426.462,15.061325420375866,353.4398615232443,50779.81008902077,70.19649851632047,1.665677546983185,0.9366963402571712,1.0,1.0919881305637982,1.6458951533135509,1999.1285855588528,2.3758654797230463,5.620178041543027,0.2572274975272008,0.8269040553907022,0.7754698318496538,0.9248269040553908,10.0,78673.7546983185,2014.473788328388,6.494559841740851,16.835806132542036,18.07814045499505,2.125618199802176,1011.0,1.0
204,116.34972456483516,39.892233784615385,1111027423371.4546,23.96190476190476,417.144652014652,57229.46043956044,74.47512087912088,1.876923076923077,1.0021978021978022,0.9992673992673992,1.1223443223443224,2.3131868131868134,1996.89010989011,2.578021978021978,4.573626373626373,0.3082355311355311,0.6102564102564103,0.7087912087912088,0.8080586080586081,10.0,85677.27399267399,2014.859340659341,6.61025641025641,16.486080586080586,17.1,2.175091575091575,2730.0,1.0
205,116.33185743337714,39.889029501182655,1111027378422.6355,19.29671484888305,347.95088042049935,49121.46202365309,71.2334691195795,1.922733245729304,1.1109067017082783,0.9986859395532196,1.0712220762155058,2.5892247043364,1995.2478318002627,2.589487516425756,4.565045992115637,0.3126028909329829,0.6415243101182655,0.7132720105124836,0.8289093298291721,6.465703022339028,71518.97871222076,2014.7944809461237,6.747437582128778,16.711957950065703,14.8,2.157950065703022,3805.0,4.0
206,116.30873419124424,39.89753191935484,1111027378731.2996,15.942396313364055,341.0608294930876,45265.11520737328,78.29730414746544,1.8571428571428568,1.101382488479263,0.9907834101382488,1.1566820276497696,2.456221198156682,2002.1866359447004,2.5944700460829493,4.944700460829493,0.3294815668202765,0.7327188940092166,0.5806451612903226,0.3271889400921659,6.631336405529954,67989.70967741935,2014.755760368664,6.638248847926267,17.20967741935484,18.82488479262673,2.1589861751152077,434.0,4.0
207,116.3621244831014,39.941613019218025,1111027377599.3645,20.01590457256461,453.3122597746852,67486.33465871438,67.94397614314116,1.926441351888668,1.0430748840291584,0.9907223326706428,1.0649436713055005,2.8436050364479786,1991.39098740888,2.52882703777336,3.284294234592445,0.3328356527501657,0.5354539430086149,0.7216699801192843,1.0,10.0,98986.71040424122,2014.642147117296,6.681245858184228,16.114645460569914,11.455931080185554,2.176938369781312,1509.0,2.0
208,116.35499593313224,39.96006529713424,1111027379722.984,14.30718954248366,437.3632981397688,58725.88838612368,74.5985168426345,1.9753645047762696,1.0804424333836098,0.9974861739567622,1.105580693815988,2.6902966314731023,1994.136752136752,2.443438914027149,4.302664655605832,0.3432021116138763,0.5691302161890397,0.7244846656611362,0.3283056812468577,8.237305178481648,85653.77023629965,2014.6339869281048,6.553041729512318,16.376571141277022,12.381096028154852,2.163901458019105,1989.0,5.0
209,116.39474925581396,39.94287813953488,1111027378687.9768,15.86046511627907,454.4976744186047,83484.93023255814,57.36953488372093,2.0930232558139537,0.9302325581395348,0.9534883720930232,0.9534883720930232,3.883720930232558,1982.0,2.2093023255813957,2.4186046511627906,0.3477441860465116,0.0232558139534883,0.7209302325581395,0.9767441860465116,6.8604651162790695,121176.6511627907,2014.813953488372,6.186046511627907,18.813953488372093,5.511627906976744,2.4186046511627906,43.0,0.0
210,116.40829906666666,39.93265633333333,1111027379576.2666,27.33333333333333,421.73333333333335,77800.6,58.32733333333333,2.2,0.8,0.9333333333333332,0.9333333333333332,4.0,1987.3333333333333,2.6666666666666665,4.066666666666666,0.3364,0.0,0.5333333333333333,0.7333333333333333,1.0,101799.46666666666,2015.5333333333333,6.533333333333333,16.533333333333335,4.2,2.333333333333333,15.0,2.0
211,116.38385518554476,39.89030462243797,1111027499236.822,13.512405609492989,539.6872707659115,66668.380798274,79.6791046386192,1.9158576051779932,1.1984897518878102,1.0053937432578208,1.1521035598705502,3.298813376483279,2002.374325782093,2.335490830636462,5.124056094929881,0.5305728155339806,0.6105717367853291,0.52319309600863,0.9816612729234088,10.0,109077.81014023731,2014.4476806903992,6.563106796116505,17.141316073354908,12.591154261057174,2.1769147788565264,927.0,0.0
212,116.4003412886598,39.89206419072165,1111027378838.4846,21.484536082474225,362.6118556701031,58114.26804123711,63.34994845360824,1.711340206185567,0.9690721649484536,0.9948453608247424,1.0,3.051546391752577,1992.819587628866,2.829896907216495,4.469072164948454,0.2226237113402062,0.4536082474226804,0.8298969072164949,1.0,10.0,79090.63917525773,2015.159793814433,5.994845360824742,15.97938144329897,8.443298969072165,2.2577319587628866,194.0,4.0
213,116.4230388765182,39.90360132388664,1111027411507.9597,18.83502024291498,447.40850202429147,64072.94939271255,70.65472672064777,1.6831983805668016,0.8360323886639676,0.9979757085020244,1.1508097165991902,2.5718623481781377,2000.2449392712551,2.617408906882591,5.751012145748988,0.2774352226720648,0.798582995951417,0.6771255060728745,1.0,1.0,93259.16194331984,2014.843117408907,6.55668016194332,16.428137651821864,11.482793522267206,2.089068825910932,988.0,14.0
214,116.41417147727272,39.89575597727273,1111027377910.432,28.982954545454547,403.7573863636364,55701.40340909091,74.17488636363636,2.090909090909091,1.056818181818182,1.0113636363636365,1.1875,3.1306818181818183,1998.9943181818185,2.7443181818181817,5.568181818181818,0.3860284090909091,0.0511363636363636,0.8238636363636364,1.0,1.0,80030.40909090909,2015.1193181818185,6.244318181818182,16.52840909090909,5.4602272727272725,2.25,176.0,2.0
215,116.41928187286064,39.94367076772616,1111027657722.423,17.26650366748166,523.0220048899755,78822.70171149145,67.68088019559902,1.9975550122249388,1.0073349633251834,0.980440097799511,1.0244498777506112,3.4278728606356967,1996.1540342298288,2.410757946210269,4.3178484107579465,0.3335745721271394,0.4156479217603912,0.7286063569682152,0.9951100244498776,1.0,117773.77750611248,2014.718826405868,6.885085574572127,16.679706601466993,7.687041564792176,2.2249388753056234,409.0,0.0
216,116.373283781158,39.95776723879621,1111027379845.5107,17.670592083742232,471.35286228328425,66936.72522080471,71.15310435067059,1.9790644422636567,1.0624795551193982,0.9990186457311088,1.1079489695780176,3.2090284592737977,1993.844291789336,2.497219496238142,3.5253516519463526,0.3459492966961073,0.3473994111874386,0.7670919201831862,0.5783447824664704,9.177625122669284,103195.76709192018,2014.564605822702,6.774942754334314,16.792280013084724,10.12855740922473,2.1913640824337586,3057.0,0.0
217,116.40569853317812,39.95788891850989,1111027715406.986,19.239231664726425,452.9997671711292,68056.80616996507,68.4509371362049,2.0331781140861467,1.022118742724098,0.99941792782305,1.0774155995343422,3.363213038416764,1991.3521536670544,2.505820721769499,3.850407450523865,0.3359842840512223,0.3870779976717113,0.7147846332945286,1.0,3.916181606519209,102859.84458672877,2014.769499417928,6.877764842840512,16.771827706635623,9.039580908032596,2.2147846332945287,1718.0,1.0
218,116.43435928724546,39.93751950803858,1111027509955.913,19.937834941050376,540.1006430868167,74142.11468381564,75.3571382636656,2.0964630225080385,1.0482315112540193,0.9957127545551984,1.1361200428724545,3.647374062165059,1999.721329046088,2.653804930332261,5.214362272240086,0.4880332261521972,0.315112540192926,0.7256162915326902,0.9807073954983924,1.0,105302.5412647374,2014.9849946409431,6.604501607717042,16.79635584137192,8.912111468381564,2.154340836012861,933.0,4.0
219,116.43292522166784,39.96105959230221,1111027376952.8489,17.485388453314325,435.27605131860304,62200.6307911618,71.07620099786173,2.014967925873129,1.0570206699928724,0.9978617248752673,1.0848182466143976,2.9543834640057023,1992.781895937277,2.521026372059872,4.290805416963649,0.331559515324305,0.5146115466856735,0.7277263007840342,0.9814682822523164,2.616535994297933,87233.03064861012,2014.7576621525304,6.687811831789023,16.735566642908054,11.387740555951533,2.1475409836065573,1403.0,2.0
220,116.4158145732484,39.96845131705591,1111027376679.5652,18.13375796178344,372.8029723991508,57889.1372965322,65.05661712668082,2.006369426751593,1.044232130219391,0.9996461429582448,1.0435244161358812,3.18966737438075,1990.3014861995755,2.4961075725406934,3.975583864118896,0.3197590233545647,0.4249823071479122,0.7604387827317763,0.8782731776362349,4.16348195329087,81892.64260438783,2014.7420382165608,6.803963198867658,16.941259731068648,10.255484784147203,2.239915074309979,2826.0,1.0
221,116.43582437384616,39.92170165384616,1111027426514.6953,21.821538461538463,474.2709230769231,67802.78461538462,72.62256923076923,1.8753846153846156,1.0123076923076924,0.9815384615384616,1.0584615384615386,2.92,1995.7707692307688,2.5507692307692307,4.7,0.3991861538461538,0.5676923076923077,0.6876923076923077,1.0,1.756923076923077,96334.46,2015.0661538461536,6.793846153846154,16.34,11.446153846153846,2.086153846153846,650.0,8.0
222,116.44704335833336,39.90426943995792,1111028399904.6135,17.518097643097644,484.597095959596,57605.08164983165,85.0420707070707,1.8724747474747476,1.1342592592592593,0.9987373737373736,1.172979797979798,2.528198653198653,2000.2411616161617,2.691919191919192,5.071548821548822,0.3528699494949495,0.7756734006734006,0.6805555555555556,0.9663299663299664,3.053030303030303,84426.62668350169,2014.9204545454545,6.73526936026936,16.511784511784512,15.021464646464649,2.051767676767677,2376.0,3.0
223,116.4364463302892,39.89579081278539,1111030094040.6514,19.879756468797563,475.051902587519,63390.03805175038,74.66630136986302,1.946727549467276,1.095890410958904,1.0,1.121765601217656,3.085235920852359,1996.0167427701676,2.7534246575342465,4.292237442922374,0.3536423135464231,0.547945205479452,0.7488584474885844,0.9878234398782344,1.0,90071.84322678843,2014.9391171993911,7.039573820395738,16.549467275494674,10.515981735159816,2.1750380517503807,657.0,4.0
224,116.45629254012889,39.89592392501464,1111028189202.5325,17.615407147041594,387.42196836555365,52737.20943175161,73.2200380785003,1.9012888107791448,1.0243116578793203,0.9932630345635618,1.1036906854130053,2.8096074985354424,1995.9689513766843,2.641769185705917,5.050087873462214,0.3210937316930287,0.6895137668424136,0.663444639718805,0.8005272407732865,3.803163444639719,77139.74018746338,2014.9100761570005,6.738429994141769,16.60779144698301,15.822788517867604,2.124487404803749,3414.0,3.0
225,116.4504674743083,39.91719658102766,1111027378765.3518,16.154150197628457,532.0620553359685,60081.88537549407,90.95355731225295,1.7865612648221345,0.932806324110672,1.0158102766798418,1.1857707509881423,2.2885375494071147,1996.782608695652,2.9802371541501977,5.086956521739131,0.3832411067193676,0.7154150197628458,0.5810276679841897,0.7430830039525692,7.0,75302.36363636363,2015.620553359684,6.043478260869565,17.869565217391305,18.628458498023715,2.08300395256917,253.0,11.0
226,116.49488699733156,39.91588373582388,1111027378438.5872,13.414276184122748,451.9004669779853,47963.541027351566,94.65246831220811,1.827885256837892,1.1741160773849233,0.9853235490326884,1.2648432288192129,2.240160106737825,2003.5123415610408,2.9673115410273514,5.8332221480987325,0.3116531020680453,0.9486324216144096,0.6711140760507005,0.9773182121414276,7.0,68017.61107404936,2015.1074049366243,6.524349566377585,16.46164109406271,19.248165443629087,2.034689793195464,1499.0,6.0
227,116.50907086992648,39.90567936369448,1111029951621.3958,19.973793544263344,346.3948545861298,41860.46564397571,83.99915308405241,1.720038350910834,1.1236816874400768,0.995845317992969,1.2013422818791946,2.854905720677533,2005.938958133589,2.777245126238415,5.633748801534036,0.4012563119207414,0.9006072227548738,0.5989133908596996,0.6724193032917866,7.0,61214.17737296261,2014.8472355385104,6.571428571428571,16.45126238414829,17.797379354426333,2.0920421860019176,3129.0,0.0
228,116.48217550635498,39.88470299364503,1111027897648.536,17.573309123921923,425.2346799818429,46214.37040399455,88.01429414434861,1.935088515660463,1.2787108488424874,1.0006808896958692,1.2936904221516117,2.893100317748525,2000.4487063095776,2.72650930549251,4.817975487970949,0.3713631411711303,0.6536541080344984,0.6268724466636405,0.8036768043576941,7.0,66859.57308216068,2014.8776668179755,6.592600998638221,16.562868815251928,14.771901951883796,2.167271901951884,4406.0,6.0
229,116.44639270929018,39.93306000417537,1111027377753.3665,18.876826722338205,478.4791231732777,61871.57202505219,79.21662839248434,1.900313152400835,1.0167014613778709,0.995302713987474,1.173277661795407,2.8470772442588728,1995.3961377870564,2.884133611691023,4.6080375782881005,0.3761586638830897,0.6169102296450939,0.6941544885177453,0.926409185803758,4.432150313152401,81840.48538622129,2015.143006263048,6.686847599164927,16.687891440501044,12.051670146137788,2.134133611691023,1916.0,6.0
230,116.46020332477536,39.92674332734275,1111027403208.9937,9.002567394094994,506.8170731707317,62508.485237483954,77.04428754813864,1.957637997432606,1.0141206675224648,1.0025673940949935,1.1540436456996148,2.3709884467265727,1990.6598202824132,2.663671373555841,4.880616174582799,0.3644454428754814,0.6225930680359435,0.6816431322207959,0.957637997432606,7.0,84162.73940949937,2015.023106546855,6.65982028241335,16.598202824133505,15.666238767650835,2.1771501925545573,779.0,2.0
231,116.4870859020088,39.92412309554141,1111027888958.5295,17.71827535521803,368.9800587947085,47332.49730524253,79.3822586967173,2.048505634492896,1.1543361097501226,0.984811366976972,1.1807937285644292,2.67858892699657,1991.4590886820183,2.762371386575208,4.943655071043606,0.3187662910338069,0.6932876041156296,0.7491425771680549,0.6893679568838804,7.0,64738.046055854975,2015.1161195492405,6.57765801077903,16.60215580597746,16.170014698677118,2.131798138167565,2041.0,1.0
232,116.44517181918184,39.9542520079065,1111027377470.3098,16.953248539016844,391.2980061876933,55725.2506015813,70.92885871433482,1.8944654520453763,1.0281883808869028,0.979718116191131,1.0904090752836026,2.612581643176349,1993.1069095909247,2.709865933310416,4.719147473358542,0.3570770024063252,0.6490202818838089,0.7346167067720867,0.7889309040907528,4.1289102784462015,80185.36404262633,2014.8453076658643,6.631144723272603,16.71020969405294,13.6888965280165,2.182193193537298,2909.0,2.0
233,116.47070098170732,39.94194226292683,1111028187125.5388,16.68609756097561,329.2628536585366,49329.306585365855,66.40011219512196,1.961219512195122,0.9970731707317072,0.9997560975609756,1.064878048780488,3.1209756097560977,1987.529268292683,2.609268292682927,4.520243902439025,0.3491124390243902,0.4326829268292683,0.751219512195122,0.8568292682926829,7.0,68339.12829268293,2014.8575609756097,6.551463414634147,16.498536585365855,10.676585365853658,2.226829268292683,4100.0,7.0
234,116.44364172313595,39.97010155263158,1111027492369.4702,17.42626096491228,333.03193530701753,49133.72012061404,67.51277686403509,1.9660087719298245,1.037280701754386,1.0002741228070176,1.0633223684210529,2.627467105263158,1990.2711074561405,2.6288377192982457,4.907894736842105,0.3019122807017543,0.6425438596491229,0.7453399122807017,0.927905701754386,7.0,69139.55043859649,2014.765350877193,6.6694078947368425,16.60361842105263,13.66968201754386,2.1726973684210527,3648.0,0.0
235,116.44389403803892,40.02004077607789,1111027996271.4656,18.19172461752434,409.774033379694,44956.61084840056,90.15025243393602,1.9914464534075105,1.2479833101529902,0.9998609179415856,1.2412378303198888,2.654450625869263,2002.50438108484,2.675730180806676,5.178859527121001,0.3890561891515994,0.7660639777468706,0.6337273991655077,0.6229485396383867,6.947913769123783,64909.992350486784,2014.770445062587,6.676981919332406,16.444297635605007,18.19534075104312,2.10730180806676,14380.0,17.0
236,116.482793,39.959377,1111027374626.0,8.0,328.6666666666667,30226.666666666668,106.56,2.0,1.0,1.0,1.6666666666666667,1.0,1996.0,3.0,6.0,0.25,1.0,0.6666666666666666,1.0,7.0,46777.0,2014.3333333333333,5.333333333333333,14.333333333333334,20.0,2.6666666666666665,3.0,1.0
237,116.49118121914007,39.93384867337032,1111027377350.183,20.631067961165048,413.51726768377256,47621.20943134536,81.29839112343967,2.025658807212205,1.1553398058252426,0.9826629680998612,1.168515950069348,2.9611650485436893,1994.133841886269,2.720527045769764,4.460471567267684,0.4555665742024965,0.573509015256588,0.7253814147018031,0.8855755894590847,7.0,65412.601941747576,2015.002773925104,6.590152565880722,16.101941747572816,14.136615811373092,2.2031900138696257,1442.0,0.0
238,116.58052128668942,39.913827561774745,1111027564750.767,17.5679180887372,259.02580204778155,32494.58566552901,82.17112627986349,1.896245733788396,1.0784982935153584,0.9986348122866894,1.2,3.754948805460751,2002.4935153583615,2.63481228668942,4.350853242320819,0.4328443686006826,0.4566552901023891,0.6675767918088737,0.7385665529010239,7.0,48129.31126279864,2014.750170648464,6.522184300341297,16.67098976109215,10.406143344709898,2.225255972696245,1465.0,4.0
239,116.55647836831685,39.91961612178218,1111027376369.6665,23.28019801980198,217.5439603960396,32731.1297029703,67.08473267326733,1.91980198019802,1.0504950495049503,0.999009900990099,1.0445544554455446,2.6732673267326734,1995.6534653465344,2.5,3.986138613861386,0.3271801980198019,0.4574257425742574,0.7346534653465346,0.6712871287128713,7.0,48246.3702970297,2014.6574257425743,6.741584158415842,16.520792079207922,11.989108910891089,2.236633663366337,1010.0,1.0
240,116.578313,39.907903,1111027373774.0,31.53921568627451,147.59558823529412,30635.014705882357,48.45725490196079,2.034313725490196,0.6617647058823529,0.9901960784313726,0.9950980392156864,4.0,1985.43137254902,2.362745098039216,2.4705882352941178,0.3366911764705882,0.0,0.6176470588235294,0.0294117647058823,7.0,44247.02941176471,2014.813725490196,6.622549019607843,17.166666666666668,5.0,2.377450980392157,204.0,0.0
241,116.56750942814372,39.86159142814371,1111033906094.8953,22.038922155688624,379.0278443113773,32646.79041916168,117.86517964071857,2.6137724550898205,1.598802395209581,0.997005988023952,1.622754491017964,3.8502994011976046,2005.9101796407183,2.75748502994012,4.18562874251497,0.4713652694610779,0.4850299401197604,0.4461077844311377,0.0,8.04191616766467,43692.0,2015.3053892215569,6.485029940119761,15.610778443113771,8.95808383233533,2.12874251497006,334.0,1.0
242,116.50986537628556,39.875407571687845,1111027377318.2595,15.33817301875378,345.9068360556564,38615.57229280097,86.30477918935269,1.97156684815487,1.2117362371445857,1.0018148820326678,1.232909860859044,3.365396249243799,1999.2280701754387,2.532365396249244,4.711433756805808,0.3857701149425287,0.603145795523291,0.6346037507562009,0.8287961282516636,7.0,53487.21536600121,2014.8300060496067,6.5837870538415,16.499697519661222,13.26799758015729,2.120387174833636,1653.0,1.0
243,116.6037371950295,39.90549237110362,1111030112895.9802,17.97346251053075,268.2746419545072,31643.699241786017,84.85633108677338,2.026116259477675,1.2518955349620893,0.9995787700084248,1.1828138163437236,3.076663858466723,2005.3639427127207,2.625526537489469,5.057287278854254,0.437609098567818,0.7068239258635215,0.54212299915754,0.1541701769165964,7.0,48303.62931760741,2014.7396798652064,6.501263689974726,16.855096882898064,12.179022746419545,2.1234203875315925,2374.0,3.0
244,116.60430046666669,39.89335346666667,1111027376188.5,29.39444444444445,217.07055555555556,27774.722222222223,76.66644444444444,1.95,1.0555555555555556,1.0055555555555555,1.1,4.0,2006.138888888889,2.411111111111111,5.211111111111111,0.3179722222222222,0.7666666666666667,0.4444444444444444,0.0,7.0,46439.8,2014.3277777777776,6.777777777777778,16.494444444444444,5.788888888888889,2.1777777777777776,180.0,0.0
245,116.57208938285024,39.8559949468599,1111027374991.739,14.131642512077295,330.74323671497586,29961.661835748797,110.80840579710144,2.3176328502415457,1.7572463768115942,0.997584541062802,1.6654589371980677,3.0869565217391304,2007.0652173913045,2.867149758454106,5.743961352657005,0.5751678743961353,0.9263285024154588,0.5603864734299517,0.0,7.0,46023.99637681159,2014.6280193236717,6.468599033816425,16.448067632850243,17.416666666666668,2.1739130434782608,828.0,0.0
246,116.5980618415732,39.92587862407203,1111028418276.3018,22.7505923234876,289.964760701311,34693.75706839362,84.55730058442585,1.8534196809350811,1.222871584267888,1.0007897646501345,1.1702732585689464,2.899857842362976,2004.5853735586795,2.7670194282103933,5.43247512241352,0.388652819459801,0.8000315905860054,0.6363923550781867,0.6430263781393145,7.0,51319.918496288105,2014.8202495656292,6.641920707629127,16.348286210709208,17.008687411151477,2.1228873795608907,6331.0,2.0
247,116.60424197986578,39.93579924832215,1111028026779.3423,15.993288590604028,459.62818791946313,39534.08724832215,116.54389261744969,2.436241610738255,1.7046979865771812,1.0067114093959733,1.429530201342282,3.577181208053691,2003.523489932886,2.825503355704698,6.0,0.4992214765100671,0.906040268456376,0.7114093959731543,0.953020134228188,7.0,58686.97986577181,2014.8120805369128,6.510067114093959,16.268456375838927,10.093959731543624,2.2348993288590604,149.0,1.0
248,116.54154807650696,39.96303825270479,1111029541228.3137,19.680061823802163,380.36398763523954,39371.816460587324,95.1117310664606,2.2368624420401853,1.3740340030911902,1.0027047913446676,1.260046367851623,3.252318392581144,2004.6282843894896,2.8002318392581143,4.783616692426584,0.4020104327666151,0.60741885625966,0.5819165378670789,0.0,7.0,54884.05177743431,2014.935857805255,6.739567233384853,16.677357032457497,10.554482225656878,2.1665378670788256,2588.0,4.0
250,116.48512311930362,40.00029516436252,1111027952628.9006,14.216589861751151,540.9426523297491,46864.812083973375,115.07062467997952,2.308755760368664,1.5156169994879671,0.9974398361495136,1.478238607270865,2.677419354838709,2001.7767537122377,2.63389656938044,5.788018433179723,0.4509093701996928,0.9559651817716334,0.6323604710701485,0.8248847926267281,7.0,68302.7004608295,2014.7014848950328,6.85663082437276,16.92268305171531,23.06912442396313,2.06605222734255,1953.0,0.0
251,116.51758166666669,40.03351281818181,1111031698885.0,19.651515151515152,401.5560606060606,42954.393939393936,83.69272727272728,2.1515151515151514,1.1515151515151516,1.0151515151515151,1.2878787878787878,3.6818181818181817,2002.1515151515152,3.1515151515151514,3.8484848484848486,0.3767424242424242,0.0151515151515151,0.5606060606060606,0.0,7.0,51901.51515151515,2015.6818181818185,6.863636363636363,19.90909090909091,5.984848484848484,2.287878787878788,66.0,0.0
253,116.47526271864952,40.02290178456592,1111028760309.2524,13.593247588424438,546.1622186495177,49331.92122186495,105.80163987138263,2.0466237942122185,1.5257234726688105,1.0257234726688105,1.3665594855305463,2.2990353697749195,2006.5289389067525,2.6961414790996785,6.0,0.4371832797427653,0.9935691318327974,0.5128617363344051,0.964630225080386,7.0,73270.2845659164,2014.74115755627,6.715434083601286,16.511254019292604,24.581993569131832,2.0,622.0,3.0
254,116.44102322853828,40.05321884570765,1111027857339.6985,18.75290023201856,467.07807424593966,55310.069605568446,86.22523201856148,2.0440835266821344,1.381670533642691,1.005800464037123,1.5556844547563806,3.4907192575406034,2010.564965197216,2.848027842227378,5.587006960556844,0.382975638051044,0.9988399071925754,0.1252900232018561,0.7645011600928074,7.0,78253.6856148492,2015.0290023201856,6.677494199535963,17.288863109048723,19.30278422273782,1.983758700696056,862.0,1.0
255,116.37291082564452,40.01396696709634,1111027560673.3474,16.150271370420626,446.8387042062415,51662.54138398915,85.43208276797829,2.032225237449118,1.182157394843962,0.996607869742198,1.212686567164179,2.895861601085482,2000.066824966079,2.630597014925373,4.658751696065129,0.3936546811397557,0.6336499321573948,0.7408412483039348,0.4813432835820895,7.4172320217096335,74783.2907055631,2014.657394843962,6.681139755766622,16.51729986431479,13.651967435549524,2.1417910447761197,2948.0,2.0
256,116.41830853565364,40.000788815910745,1111027578586.7874,16.63388309483386,412.8928328886733,48191.72847441184,88.4064722289595,2.0654862963861267,1.2105263157894737,0.9959980596652924,1.206524375454766,2.333858840650012,1997.055663351928,2.582221683240359,4.96192093136066,0.3657591559544021,0.7157409653165171,0.6907591559544022,0.764855687606112,7.033834586466165,69963.56815425662,2014.7114964831435,6.6449187484841135,16.360417171962162,17.00242541838467,2.127698277952947,8246.0,4.0
257,116.34953646314789,40.04600307528927,1111027750921.4097,17.53922967189729,355.9661277540022,45318.8787446505,79.65862577270566,1.971786336978919,1.148200982723094,1.0009510223490252,1.1398002853067046,3.335076874306546,2001.0721191948007,2.6321128546520844,4.37280076081788,0.3964011729275637,0.5660168013948328,0.6707877635124425,0.4945316214931051,7.938817562212712,66548.78586146774,2014.6844190838483,6.634173403074972,16.5257568552861,12.28657473450626,2.130765572990965,6309.0,8.0
258,116.34549879716238,39.98507585916973,1111027690409.7605,13.868102995270624,465.6674198633736,64181.78271150815,74.1140225959012,2.0825013137151864,1.0987913820283763,0.999474513925381,1.1050972149238043,2.7958486600105097,1993.2837624802944,2.5383604834471885,4.110877561744614,0.3354837099316868,0.4934314240672622,0.756437204414083,0.9697845507094062,8.0,90743.0,2014.6361008933263,6.82790331056227,16.77929584866001,12.364161849710984,2.125328428796637,3806.0,7.0
259,116.41380494025346,39.979461324683164,1111027474913.8738,18.529873264936636,343.92172601086304,53269.68859384429,66.02517803258901,1.9704284852142424,1.0331925165962583,0.9993964996982498,1.060350030175015,3.014484007242004,1989.2589016294507,2.6982498491249247,4.207604103802052,0.3478243814121907,0.4333132166566083,0.7429088714544357,1.0,6.514785757392879,72739.36994568497,2014.920337960169,6.634882317441159,16.657815328907663,10.742908871454436,2.2184671092335546,1657.0,1.0
260,116.3888750755659,39.9822083894807,1111027425032.1536,18.12849533954727,425.3599533954727,62121.52130492676,70.31225033288948,1.964380825565912,0.9900133155792276,0.992676431424767,1.0522636484687085,2.642809587217044,1993.569241011984,2.592876165113182,3.8641810918774966,0.3578092543275632,0.5402796271637816,0.711051930758988,0.9527296937416776,8.44607190412783,92021.10252996006,2014.8022636484689,6.754993342210386,16.550266311584554,13.442743009320903,2.1238348868175767,3004.0,5.0
261,116.3904002682927,39.96691481289199,1111027445573.2583,16.48466898954704,514.3650174216028,79544.52404181185,65.31048083623693,2.004181184668989,1.0254355400696864,0.9958188153310104,1.0463414634146342,2.987108013937282,1989.6355400696864,2.573170731707317,3.1554006968641115,0.3281212543554007,0.4804878048780487,0.775609756097561,0.5310104529616725,9.435540069686413,123222.4850174216,2014.7822299651568,6.842857142857143,16.88745644599303,11.087108013937282,2.1515679442508717,2870.0,0.0
262,116.31913064558138,39.97050489209302,1111027380666.3115,15.202790697674418,432.9986046511628,65308.48186046512,68.3551069767442,1.9432558139534883,1.0195348837209302,0.998139534883721,1.0362790697674418,2.6344186046511626,1993.4158139534884,2.621395348837209,4.091162790697674,0.2989041860465116,0.4986046511627907,0.7097674418604651,0.7944186046511628,8.0,91287.69674418605,2014.832558139535,6.818604651162791,16.713488372093025,11.93953488372093,2.168372093023256,1075.0,2.0
263,116.32647148409406,39.9521358879668,1111027379519.3416,14.402489626556015,522.8445366528354,62398.63070539419,82.45283540802214,2.1147994467496543,1.0885200553250345,1.0,1.16597510373444,2.7413554633471646,1992.4619640387275,2.4688796680497926,4.583679114799447,0.3228312586445366,0.5822959889349931,0.7593360995850622,0.7026279391424619,8.141078838174273,88179.82710926695,2014.669432918396,6.6279391424619645,16.525587828492394,12.734439834024895,2.1673582295988933,723.0,1.0
264,116.32274652259886,39.98055135169491,1111027378543.344,12.30225988700565,420.8048728813559,67512.40112994351,63.08584039548023,2.0141242937853105,0.9872881355932204,0.998587570621469,1.0268361581920904,2.8651129943502824,1988.0706214689264,2.559322033898305,4.022598870056497,0.3128262711864407,0.4661016949152542,0.7641242937853108,1.0,8.0,95940.06709039547,2014.6264124293784,6.627118644067797,16.52683615819209,11.05225988700565,2.1588983050847457,1416.0,5.0
265,116.31905,39.992388,1111027374927.0,16.428571428571427,293.6428571428572,57792.71428571428,51.40178571428572,1.9821428571428568,0.9821428571428572,1.0,1.0,4.0,1981.732142857143,2.5,2.0,0.3048392857142857,0.0,0.6607142857142857,1.0,8.0,87274.0,2014.696428571429,7.928571428571429,16.839285714285715,5.660714285714286,2.0892857142857144,56.0,0.0
266,116.29414505714288,40.02550497142857,1111027381226.2285,17.085714285714285,630.6614285714286,51626.37142857143,126.54285714285714,2.8857142857142857,1.6428571428571428,1.0,1.8571428571428568,4.0,2002.4571428571428,2.9285714285714284,4.257142857142857,0.4458857142857143,0.4714285714285714,0.7285714285714285,0.4142857142857143,8.0,67890.57142857143,2014.9857142857145,6.757142857142857,16.62857142857143,6.128571428571429,1.9857142857142855,70.0,1.0
267,116.27828935031054,40.04378341863354,1111033263264.947,18.42608695652174,528.0452587991718,56602.34120082816,94.81759420289856,2.27536231884058,1.2790890269151138,1.0041407867494825,1.2956521739130435,3.770600414078675,2002.256314699793,2.8306418219461698,3.90807453416149,0.4286149068322981,0.4016563146997929,0.5664596273291925,0.5478260869565217,8.0,78178.93250517598,2015.113457556936,6.654658385093168,16.989648033126294,6.840579710144928,2.219875776397516,2415.0,1.0
268,116.2166957218543,39.97492882119206,1111027379113.4172,14.841059602649006,344.0211920529801,38626.74834437086,90.50794701986756,2.1059602649006623,1.218543046357616,0.9801324503311258,1.099337748344371,4.0,2007.3841059602648,2.4834437086092715,3.562913907284768,0.4591059602649007,0.0,0.2052980132450331,0.0,8.258278145695364,49698.62913907285,2015.7483443708609,6.271523178807947,17.814569536423843,4.456953642384106,2.271523178807947,151.0,0.0
269,116.18781887179487,40.05399592307692,1111027378354.6838,15.17094017094017,450.765811965812,35470.307692307695,124.50350427350428,2.452991452991453,1.1965811965811963,1.017094017094017,1.5555555555555556,2.2564102564102564,2011.2564102564104,2.3076923076923075,6.0,0.3045641025641025,1.0,0.0085470085470085,0.0,8.0,54400.60683760684,2015.871794871795,6.239316239316239,17.205128205128204,8.47008547008547,2.094017094017094,117.0,0.0
270,116.264621,40.087404,1111027376165.0,33.63235294117647,624.8411764705882,49470.382352941175,129.2983823529412,2.426470588235294,1.6470588235294117,1.0,1.5735294117647058,4.0,2011.0441176470588,2.514705882352941,5.176470588235294,0.4411617647058823,1.0,0.4558823529411764,0.0,8.0,65768.0,2015.5735294117649,6.014705882352941,17.91176470588235,7.470588235294118,2.0294117647058822,68.0,1.0
273,116.30165730084347,39.96839453233364,1111027377082.9766,13.128397375820056,670.3066541705716,72211.53608247422,92.76014995313965,2.0871602624179943,1.1574507966260543,1.0,1.2483598875351454,2.6298031865042173,1999.636363636364,2.624179943767573,5.0065604498594185,0.3499925023430178,0.7778819119025304,0.6326148078725399,0.5998125585754451,8.0,103281.313027179,2014.8313027179008,6.582942830365511,15.809746954076852,12.87066541705717,2.128397375820056,1067.0,5.0
274,116.29793602846534,39.94757667450495,1111027423200.0977,17.207920792079207,504.2169141914192,57990.29579207921,89.01818894389439,2.1782178217821784,1.2017326732673268,1.002887788778878,1.256188118811881,2.620874587458746,1995.7883663366335,2.61427392739274,4.853135313531353,0.3547739273927393,0.6955445544554455,0.7244224422442245,0.6237623762376238,8.011138613861386,82826.92409240924,2014.8003300330035,6.708333333333333,17.01608910891089,12.845297029702971,2.161303630363036,2424.0,5.0
275,116.18308772715694,39.93544113276027,1111027379437.1636,13.416746259153136,250.37768226679404,31545.53390639924,78.56010824578159,2.042343202801656,1.1439032155364537,1.0,1.073225087551735,2.751671442215855,1996.5539637058264,2.4355300859598854,4.956701687360713,0.3818299904489016,0.5284941101560012,0.7207895574657752,0.2209487424387138,9.0,44640.44348933461,2014.707418019739,6.626870423432028,16.4227952881248,12.722699777141038,2.191021967526265,3141.0,1.0
277,116.30894577125508,39.9870008319838,1111027373882.8745,11.095141700404858,420.0244939271255,58563.02631578947,72.10137651821863,1.7813765182186234,0.888663967611336,0.9959514170040484,1.0668016194331984,2.882591093117409,1996.7732793522264,2.572874493927125,4.987854251012146,0.3207105263157895,0.7145748987854251,0.7449392712550608,0.7874493927125507,8.0,88063.22469635628,2014.4048582995952,6.680161943319838,16.728744939271255,13.63157894736842,2.080971659919028,494.0,0.0
278,116.25630335934704,39.92716134458855,1111027432644.432,16.688282647584973,338.703957960644,46472.19320214669,71.22006484794275,2.0089445438282647,1.0932468694096602,0.9986583184257602,1.0936940966010733,3.3079159212880143,1994.756484794276,2.5089445438282647,3.632379248658319,0.3896820214669052,0.340339892665474,0.7101967799642218,0.4049642218246869,8.325805008944544,66648.07200357782,2014.682245080501,6.618291592128801,16.682692307692307,9.169051878354203,2.2743738819320214,4472.0,1.0
279,116.12017233054075,39.93687167250571,1111036019379.783,10.98095963442498,207.6766184310739,25414.950495049507,82.02059405940594,2.047220106626048,1.08987052551409,0.5575019040365575,1.1226199543031226,3.85072353389185,2001.1987814166032,3.285605483625285,3.724295506473725,0.4157806549885757,0.3869002284843869,0.376999238385377,0.0,12.0,38250.53160700685,2014.3739527798932,6.368621477532368,15.882711348057883,9.368621477532368,2.261995430312262,1313.0,1.0
281,116.19494963098238,39.918243437027705,1111027374521.024,15.408060453400504,174.44168765743075,31854.452141057933,55.14949622166247,1.97103274559194,0.8879093198992444,1.0,1.0050377833753148,3.474811083123426,1983.536523929471,2.195214105793451,3.248110831234257,0.346272040302267,0.207808564231738,0.7153652392947103,0.7632241813602015,9.0,46724.505037783376,2014.4508816120904,6.659949622166247,16.92191435768262,7.934508816120907,2.2506297229219143,794.0,3.0
282,116.147569,39.903963,1111052133592.0,21.806451612903224,388.9451612903226,41866.32258064516,93.0858064516129,2.7419354838709675,1.064516129032258,0.935483870967742,1.1612903225806452,4.0,2013.0,2.5806451612903225,6.0,0.5646451612903226,1.0,0.0,0.0,12.0,44889.0,2016.3870967741937,6.838709677419355,16.419354838709676,22.258064516129032,2.064516129032258,31.0,2.0
283,116.190131,39.865082,1111047336891.0,32.5,480.75,37842.25,119.0975,2.5,1.5,0.75,1.75,4.0,2014.0,3.25,6.0,0.39175,0.0,0.0,1.0,2.0,28916.25,2016.5,7.25,21.75,18.0,1.75,4.0,0.0
284,116.23101825698323,39.90942934078212,1111027380449.169,12.738826815642458,230.90013966480447,35212.194134078214,66.18546787709496,2.0509776536312847,1.0572625698324023,0.9993016759776536,1.0174581005586592,3.39804469273743,1990.792597765363,2.4155027932960893,3.474860335195531,0.3826277932960893,0.2527932960893855,0.7583798882681564,0.2674581005586592,9.0,49455.83798882682,2014.6906424581005,6.639664804469274,16.26745810055866,8.666899441340782,2.3540502793296088,1432.0,3.0
285,116.259844,39.912414,1111027374388.0,8.284210526315789,361.7105263157895,58175.95789473684,63.15915789473684,2.0631578947368423,1.0105263157894735,1.0,1.0,3.231578947368421,1991.0736842105264,2.526315789473684,5.073684210526316,0.1988210526315789,0.7684210526315789,0.7368421052631579,1.0,8.0,84983.0,2014.7368421052631,6.442105263157894,17.021052631578947,13.68421052631579,2.0526315789473686,95.0,0.0
288,116.2720593213638,39.8770730525934,1111030193026.8716,15.679724338048604,333.2117519042438,38428.88792165397,85.90340950308307,1.9847660500544069,1.2121871599564744,0.982227058396808,1.1875226695683714,2.698222705839681,2003.880304678999,2.519405150525934,5.218715995647443,0.3524552049328981,0.6811751904243744,0.5749002538991658,0.4769677185346391,2.261153427638738,54206.02176278564,2014.88683351469,6.58759521218716,16.65614798694233,18.521218715995648,2.096118969894813,2757.0,8.0
289,116.31630143179255,39.86490166516347,1111027377931.09,19.865839909808344,339.071138669673,38935.85682074408,87.7514543404735,1.9334836527621195,1.3720405862457723,0.9977452085682076,1.170236753100338,2.5591882750845545,2003.4611048478016,2.61217587373168,5.434047350620068,0.3931116121758737,0.8320180383314544,0.6437429537767756,0.8838782412626832,2.0,56093.9075535513,2014.8872604284104,6.3280721533258175,15.744081172491544,18.031567080045097,2.102593010146561,887.0,7.0
290,116.29895788747504,39.838493455838325,1111027435116.6165,14.671407185628745,295.6688373253493,34616.5499001996,85.17809131736526,1.903443113772455,1.1664171656686626,0.996007984031936,1.190868263473054,2.561626746506986,2001.9565868263476,2.3016467065868262,4.783932135728543,0.4146022954091816,0.6504491017964071,0.625,0.561127744510978,2.099301397205589,50838.34780439122,2014.571606786427,6.51372255489022,16.530938123752495,16.595309381237524,2.147704590818363,4008.0,16.0
293,116.37056133964818,39.80250353179973,1111031224602.6738,23.57916102841678,236.34993234100136,30701.537212449257,79.45746955345061,2.10148849797023,1.1190798376184032,0.9986468200270636,1.1204330175913395,3.745602165087957,2002.104194857916,2.592692828146144,3.491204330175913,0.459466847090663,0.3423545331529093,0.5872801082543978,0.2368064952638701,3.472259810554804,41817.891745602166,2015.2165087956696,6.611637347767253,16.25169147496617,9.330175913396484,2.308525033829499,739.0,3.0
294,116.36577625163936,39.85095769590164,1111027377373.623,17.92295081967213,317.71467213114755,40000.32459016393,79.27535245901639,1.9270491803278689,1.1278688524590164,1.0008196721311475,1.1368852459016394,3.021311475409836,2001.5368852459017,2.5352459016393443,4.877049180327869,0.6904745901639344,0.6459016393442623,0.7270491803278688,0.9434426229508196,2.0,62676.766393442624,2014.77868852459,6.466393442622951,16.648360655737704,13.335245901639343,2.14344262295082,1220.0,4.0
295,116.35186355987057,39.86253044660194,1111027379148.3333,14.776699029126211,289.1886731391586,42881.52750809061,67.23174757281554,1.715210355987055,1.1488673139158576,1.0,1.0388349514563109,3.158576051779935,2001.3203883495144,2.488673139158576,5.268608414239482,0.4613948220064724,0.7928802588996764,0.6343042071197411,0.2071197411003236,2.0,61661.06148867314,2014.779935275081,6.592233009708738,16.889967637540455,13.333333333333334,2.116504854368932,309.0,0.0
296,116.2873392364532,39.85344718472906,1111027379499.8423,15.438423645320198,262.1413793103448,34136.30295566502,78.6031527093596,2.0517241379310347,1.145320197044335,1.0,1.0689655172413792,1.9334975369458127,2000.6970443349755,2.539408866995074,5.70935960591133,0.3072512315270936,0.687192118226601,0.7216748768472906,0.5172413793103449,2.0,48982.30541871921,2014.8940886699504,6.495073891625616,16.529556650246306,18.123152709359605,2.0689655172413794,406.0,0.0
297,116.38942803075916,39.84513266034031,1111027378593.349,16.415248691099478,281.5978730366492,37378.85209424084,74.1595189790576,1.8229712041884816,1.048756544502618,0.9885471204188482,1.086060209424084,3.0081806282722514,2003.258835078534,2.462696335078534,4.645942408376963,0.4040202879581152,0.6456151832460733,0.5546465968586387,0.837696335078534,2.0,52767.32657068063,2014.6593586387437,6.483638743455497,16.49869109947644,12.618782722513089,2.231675392670157,3056.0,1.0
299,116.3788941103245,39.85413196283186,1111027379056.6467,20.31445427728613,304.01994100294985,41454.40825958702,73.89232448377581,1.8,1.0259587020648968,0.9982300884955752,1.1315634218289086,2.382890855457227,2001.0648967551624,2.598230088495576,5.137463126843658,0.3085321533923303,0.7693215339233038,0.6613569321533923,0.8129793510324483,2.0,57307.93392330383,2014.869616519174,6.638938053097345,16.607669616519175,15.83598820058997,2.197050147492625,1695.0,0.0
300,116.45298441409992,39.82227501984941,1111027650665.644,15.462696783025326,298.35420944558524,32830.42368240931,93.45915811088295,2.0752908966461328,1.4195756331279945,1.0,1.295003422313484,3.590691307323751,2004.845311430527,2.560574948665298,4.743326488706366,0.3522436687200548,0.5619438740588638,0.6433949349760438,0.2067077344284736,4.314168377823409,47824.006160164274,2014.6639288158797,6.521560574948666,16.90075290896646,8.394934976043805,2.2251882272416155,1461.0,0.0
301,116.42920750483016,39.85333721315052,1111027522179.0195,21.613275163602367,288.9014334683702,37684.36927391711,75.80743845434715,1.7516360236833906,1.0934870676223123,0.999688376441259,1.1246494234964164,2.6054845746338424,2002.5051417887191,2.6687441570582737,5.287005297600499,0.3234873792458709,0.8195699594889374,0.6126519164848863,0.8887503895294484,2.4546587722031785,54477.07260828919,2014.769398566532,6.573698971642256,16.64724213150514,15.695232159551262,2.105328762854472,3209.0,4.0
302,116.4698111205916,39.85216501763367,1111027985438.3477,15.50056882821388,299.4722980659841,35519.57337883959,85.00484641638225,2.0267349260523324,1.226962457337884,0.9988623435722412,1.1291240045506257,2.9391353811149035,2001.1763367463027,2.5790671217292376,4.50967007963595,0.3890085324232081,0.590443686006826,0.6331058020477816,0.3856655290102389,4.003981797497156,51311.05005688282,2014.8879408418657,6.550625711035267,16.84584755403868,12.625711035267347,2.243458475540387,1758.0,3.0
303,116.512916,39.864254,1111027376354.0,21.2202304737516,322.3364916773367,33772.25480153649,96.22084507042253,2.0166453265044813,1.3431498079385404,1.0064020486555698,1.3405889884763125,3.1382842509603077,2006.2176696542892,2.921895006402049,5.677336747759283,0.4299295774647887,0.8143405889884763,0.7528809218950064,0.2573623559539053,7.0,46072.0,2015.2189500640204,6.549295774647887,16.380281690140844,13.916773367477592,2.2599231754161333,781.0,1.0
304,116.455824379715,39.87478649455155,1111027376525.8987,21.549874266554905,333.161693210394,37919.11316010058,90.08014249790445,2.0368818105616096,1.134953897736798,1.0050293378038555,1.231349538977368,1.3629505448449288,2003.8273260687345,2.580888516345348,5.822296730930428,0.2810259849119866,0.9547359597652976,0.4199497066219614,0.9597652975691534,5.725901089689858,54393.80637049455,2015.008382229673,6.54149203688181,16.9639564124057,22.974015088013413,2.0645431684828166,1193.0,1.0
305,116.42926719571864,39.87527494877676,1111027419396.9412,21.299694189602448,281.35038226299696,46304.79892966361,61.470818042813455,1.8004587155963303,0.9717125382262995,0.9793577981651376,1.0519877675840978,2.5932721712538225,1993.651376146789,2.759938837920489,4.496941896024465,0.2984090214067278,0.6085626911314985,0.7285932721712538,0.9847094801223242,1.7561162079510704,65579.25764525995,2014.9908256880733,6.669724770642202,16.668960244648318,15.02217125382263,2.198776758409786,1308.0,0.0
306,116.4262864207465,39.864493204071735,1111027377871.6477,21.154144449830344,312.7550654386815,39282.653417353366,80.21985942801746,1.9384391662627245,1.0964614638875425,0.9990305380513816,1.161415414444983,2.5685894328647603,1998.7135239941836,2.732428502181289,5.165293262239457,0.3236393601551139,0.7426078526417839,0.6965584100824043,0.8652447891420262,1.8502181289384392,56598.44740668929,2014.777508482792,6.474066892874455,16.45710130877363,15.374212312166748,2.1769268056228794,2063.0,4.0
307,116.35647404591492,39.87523540715733,1111027380245.1067,13.145172180958811,381.8367319378798,48254.64415935179,79.82544226873733,1.937204591492235,1.237677245104659,0.9979743416610398,1.1944632005401756,2.4213369345037137,1998.0101282916949,2.5286968264686025,4.785955435516543,0.3432579338284943,0.6812964213369345,0.6731937879810939,0.0,4.079675894665766,73379.63470627954,2014.664415935179,6.74949358541526,16.812964213369344,16.203916272788657,2.1303173531397706,1481.0,1.0
308,116.35345221557871,39.88397407021393,1111027733261.9617,22.46900713110258,348.88003291278113,51268.30554031816,69.82798683488755,1.798134942402633,0.9950630828304992,0.9983543609434996,1.0894130554031816,2.727372462973121,1997.4053757542515,2.513439385628085,4.535381239714756,0.303980252331322,0.5820076796489303,0.6862314865606144,0.052111903455842,10.0,81400.79594075699,2014.7575425123423,6.5924300603400985,16.878771256171145,14.393856280855733,2.185957213384531,1823.0,1.0
309,116.37298710656836,39.87808832908847,1111027379837.573,14.927613941018766,417.4238605898124,54253.80294906166,76.32237265415549,2.123324396782842,1.0911528150134049,0.9966487935656836,1.1313672922252012,3.5482573726541555,1994.3592493297588,2.42828418230563,3.336461126005362,0.3725180965147453,0.2915549597855228,0.7272117962466488,0.4470509383378016,7.383378016085791,83355.28753351206,2014.661528150134,6.7198391420911525,16.52211796246649,9.193699731903486,2.2627345844504023,1492.0,0.0
310,116.39599413400832,39.8643446045265,1111027379724.1184,17.047051816557474,275.65086360929126,37714.63549731983,74.41197141155449,1.9130434782608696,1.0518165574746874,0.997022036926742,1.1149493746277546,2.40738534842168,1996.147111375819,2.475878499106611,4.642048838594402,0.3118356164383561,0.6611078022632519,0.7016081000595593,0.4282310899344848,1.8790946992257296,53755.83204288267,2014.8927933293628,6.55449672424062,16.905896366885052,14.786182251340083,2.168552709946397,1679.0,2.0
311,116.38627244715444,39.88291719674797,1111027378437.231,20.15447154471545,392.0439024390244,61889.47804878049,63.63295934959349,1.9056910569105687,1.024390243902439,1.0,1.0276422764227642,3.304065040650406,1993.7463414634144,2.5853658536585367,3.840650406504065,0.3175983739837398,0.4292682926829268,0.7219512195121951,0.7495934959349594,7.910569105691056,86067.63577235772,2014.9739837398372,6.715447154471545,16.790243902439023,9.57560975609756,2.216260162601626,615.0,2.0
312,116.40144744656487,39.87770839599237,1111027709546.2566,19.54580152671756,437.9716603053435,57192.06870229008,76.47664122137405,1.9379770992366407,1.1631679389312977,1.0047709923664123,1.1173664122137406,3.240458015267176,1996.1421755725191,2.5772900763358777,4.282442748091603,0.3075839694656488,0.5486641221374046,0.6526717557251909,0.6412213740458015,3.902671755725191,81848.27671755725,2014.8702290076333,6.603053435114504,16.395992366412212,11.636450381679388,2.1622137404580157,1048.0,1.0
313,116.41859559,39.87623547333333,1111027378126.2666,24.98333333333333,259.12833333333333,45755.21666666667,56.98066666666667,1.98,0.95,1.0,1.0033333333333334,3.8566666666666665,1984.76,2.44,3.4,0.36828,0.1866666666666666,0.7966666666666666,0.85,1.2366666666666666,70037.37333333334,2014.59,6.323333333333333,15.353333333333332,6.903333333333333,2.4066666666666667,300.0,0.0
314,116.46599300793292,39.88525814528558,1111027378165.9895,22.15843155031732,283.7524705349048,41397.501813236624,68.88567996373527,1.9034451495920215,1.0342248413417952,0.9970534904805076,1.0625566636446055,2.5371713508612874,1993.0657298277424,2.537624660018132,4.667271078875793,0.316820262919311,0.60766092475068,0.7749320036264733,0.919537624660018,6.674977334542158,59338.21464188577,2014.7309610154125,6.543064369900272,16.59043517679057,13.841795104261106,2.2094288304623757,4412.0,3.0
318,116.1613975,40.095295,1111037131935.5,55.18571428571428,287.6742857142857,41838.95714285714,69.93585714285715,1.9428571428571428,1.042857142857143,1.0,1.0,4.0,1995.1714285714288,3.0428571428571427,2.142857142857143,0.3783428571428571,0.0,0.7142857142857143,0.5,8.0,46083.5,2016.4571428571428,7.1,16.914285714285715,5.571428571428571,2.4,70.0,1.0
319,116.22915292636362,39.90160694772728,1111027463780.2395,13.855454545454544,282.8306818181818,37058.40090909091,75.51228181818182,1.8822727272727275,1.1890909090909092,0.9990909090909093,1.0713636363636363,3.1359090909090908,1999.009090909091,2.485909090909091,4.158181818181818,0.3807927272727273,0.5195454545454545,0.6609090909090909,0.0813636363636363,9.0,52912.54181818182,2014.7686363636365,6.555454545454546,16.472272727272728,13.08681818181818,2.206818181818182,2200.0,1.0
320,116.26340138725052,39.90446877688412,1111027379866.732,13.391123026511767,360.0956210902592,41765.93893357164,87.69880250223414,1.9130175752159664,1.2403932082216265,0.9970211498361632,1.1811140899612749,2.396187071790289,2000.8147155198092,2.642537980339589,5.258862079237415,0.3273771224307417,0.8042895442359249,0.669943401846887,0.2993744414655943,6.1543044384867445,59902.64641048556,2014.680965147453,6.563300565981531,16.57789693178433,19.647899910634496,2.0655347036044085,3357.0,2.0
321,116.410669,39.925596,1111027374294.0,120.0,355.0,82272.0,43.15,1.0,1.0,1.0,1.0,4.0,1987.0,4.0,2.0,0.333,0.0,0.0,0.0,1.0,107674.0,2016.0,7.0,27.0,6.0,3.0,1.0,0.0
322,116.41790847619048,39.92564847619048,1111027964102.5972,22.36996336996337,445.3967032967033,73033.20879120879,60.34395604395605,1.9853479853479852,0.967032967032967,0.9926739926739928,1.010989010989011,3.772893772893773,1988.8754578754576,2.706959706959707,3.3846153846153846,0.3347912087912087,0.1538461538461538,0.7545787545787546,0.8717948717948718,1.0,108062.75457875458,2015.051282051282,6.626373626373627,16.399267399267398,6.743589743589744,2.216117216117216,273.0,0.0
323,116.38967393846154,39.90885971428571,1111032187567.9934,11.472527472527473,487.5351648351648,75466.88351648352,65.76013186813186,1.9296703296703297,0.934065934065934,0.9912087912087912,1.079120879120879,3.8593406593406594,1993.931868131868,2.4285714285714284,5.134065934065935,0.2718527472527473,0.1934065934065934,0.7428571428571429,1.0,10.0,110367.86593406594,2014.7582417582416,6.595604395604395,17.116483516483516,7.002197802197802,2.085714285714286,455.0,12.0
324,116.41958102702702,39.92025078378378,1111027378655.7026,33.24324324324324,438.94594594594594,74761.56756756757,60.92945945945946,1.972972972972973,0.972972972972973,1.0,1.027027027027027,3.756756756756757,1989.3513513513512,2.702702702702702,2.621621621621621,0.3505945945945946,0.2432432432432432,0.7837837837837838,1.0,1.0,113784.2972972973,2015.1351351351352,6.864864864864865,16.405405405405407,6.594594594594595,2.2972972972972974,37.0,4.0
325,116.50953410891192,39.94649372534714,1111027417646.3955,19.34116776690189,356.1414807648532,42770.4777486911,82.69716992943319,1.907238788982472,1.1821648076485318,0.9982358297291144,1.1844411563851582,2.738902799908946,1999.7504552697476,2.7339517414067838,4.982130662417482,0.3696384020031868,0.6860915092192124,0.7029933985886638,0.643979057591623,7.0,61567.26525153653,2014.8816298656957,6.553266560437059,16.671636694741636,16.18939221488732,2.168335989073526,17572.0,17.0
