belonging,Lng,Lat,Cid,followers,totalPrice,price,square,livingRoom,drawingRoom,kitchen,bathRoom,buildingType,constructionTime,renovationCondition,buildingStructure,ladderRatio,elevator,fiveYearsProperty,subway,district,communityAverage,year,month,day,floor_num,relativeHeight,buildingType_towel,buildingType_bungalow,buildingType_comb,buildingType_plate,house_cnt,mall_cnt
3,116.555729,40.162058,1111027379605.0,28.761904761904763,246.0,28380.714285714286,87.07571428571428,1.9523809523809523,1.4761904761904765,1.0,1.380952380952381,3.357142857142857,2009.0,3.119047619047619,2.1904761904761907,0.400595238095238,0.0,0.6428571428571429,0.0,13.0,44235.0,2016.0,5.833333333333333,17.047619047619047,8.5,1.9285714285714288,0.0,0.0,0.6428571428571429,0.3571428571428571,42.0,2.0
4,116.42529526465924,40.126133263074486,1111028340405.525,24.0364500792393,267.5917591125198,28527.76703645008,98.01778129952456,2.20919175911252,1.3724247226624406,1.0,1.2725832012678289,3.995245641838352,2001.072900158479,3.1933438985736924,2.329635499207607,0.4592266244057052,0.0538827258320126,0.6735340729001584,0.0,6.0,36231.67670364501,2016.0,6.80190174326466,17.427892234548334,6.061806656101426,2.318541996830428,0.0,0.0,0.0047543581616481,0.9952456418383518,631.0,2.0
5,116.55653888221708,40.10211394919168,1111029226159.0322,21.03002309468822,371.6602771362586,34994.6558891455,108.64327944572749,2.295612009237875,1.3071593533487298,0.9607390300230948,1.4549653579676671,3.5219399538106235,2005.0046189376444,2.903002309468822,4.475750577367205,0.4515127020785219,0.6235565819861432,0.4919168591224018,0.4734411085450346,13.0,47718.55427251732,2016.0,6.120092378752887,17.15242494226328,8.688221709006928,2.207852193995381,0.0161662817551963,0.0,0.4295612009237875,0.5542725173210161,433.0,1.0
6,116.42909052095207,40.08065449011063,1111028307505.452,22.678846798524976,328.18159570901776,28736.30640295005,120.22631243714382,2.3975863224941336,1.3375796178343948,0.9956419711699632,1.538384177003017,3.2192423734495472,2002.8742876299027,3.251759973181361,3.0301709688233323,0.4197888032182367,0.5139121689574254,0.7160576600737513,0.3479718404290982,6.010392222594703,38602.57559503855,2016.0,6.154877639959772,17.283271873952398,12.925913509889371,2.1890714046262154,0.2406972846128059,0.0,0.0586657727120348,0.7006369426751592,2983.0,3.0
9,116.67229969230767,40.20989558974359,1111027377880.4614,11.307692307692308,242.8692307692308,26899.69230769231,92.81076923076922,2.8205128205128207,2.025641025641025,1.0,1.641025641025641,4.0,2008.0,3.0,6.0,0.346,1.0,0.3846153846153846,0.0,13.0,41610.92307692308,2016.0,4.333333333333333,15.461538461538462,6.0,2.41025641025641,0.0,0.0,0.0,1.0,39.0,1.0
11,116.679737,40.219508,1111046920919.0,34.0,312.5,23752.5,130.43,3.0,2.0,1.0,2.0,4.0,2013.0,2.0,6.0,0.5,1.0,0.0,0.0,13.0,27425.0,2016.0,5.5,12.0,8.0,3.5,0.0,0.0,0.0,1.0,2.0,1.0
25,116.69888944444445,39.94171998989899,1111027381722.9397,19.05050505050505,311.7818181818182,34952.47474747475,91.11434343434344,1.9494949494949492,1.202020202020202,1.0,1.1616161616161615,3.676767676767677,2005.838383838384,3.363636363636364,3.575757575757576,0.3915656565656565,0.3333333333333333,0.4848484848484848,0.0,11.0,41149.19191919192,2016.0,6.848484848484849,17.88888888888889,7.383838383838384,2.272727272727273,0.0,0.0,0.3232323232323232,0.6767676767676768,99.0,1.0
26,116.703713,39.95821,1111027379259.0,7.326530612244898,292.0285714285714,27808.571428571428,105.00836734693875,3.0,1.4081632653061225,1.0,1.0,4.0,1993.9591836734692,3.26530612244898,2.36734693877551,0.5,0.0,0.7142857142857143,0.0,11.0,32117.0,2016.0,6.73469387755102,17.428571428571427,6.0,1.9795918367346936,0.0,0.0,0.0,1.0,49.0,0.0
27,116.59738896870748,40.05531789115646,1111027378231.815,16.481632653061226,204.2831292517007,27064.94421768708,77.08421768707483,2.204081632653061,1.1374149659863946,0.9959183673469388,1.1333333333333333,3.8435374149659856,1992.112925170068,2.6258503401360542,2.4816326530612245,0.4213265306122449,0.0666666666666666,0.5714285714285714,0.0476190476190476,9.03265306122449,38526.84353741496,2016.0,6.210884353741497,17.239455782312927,6.168707482993197,2.363265306122449,0.0326530612244898,0.0,0.0585034013605442,0.908843537414966,735.0,5.0
28,116.63413009848485,40.03221109090909,1111027381751.5796,12.018939393939394,188.8193181818182,22582.90151515152,91.445,2.0568181818181817,1.196969696969697,1.003787878787879,1.231060606060606,3.840909090909091,1999.189393939394,2.9053030303030303,2.196969696969697,0.4333825757575757,0.0,0.6742424242424242,0.0,13.0,34296.878787878784,2016.0,6.215909090909091,17.901515151515152,6.3106060606060606,2.185606060606061,0.053030303030303,0.0,0.0,0.946969696969697,264.0,1.0
51,116.14382966666666,40.23944533333333,1111051885604.0,9.333333333333334,156.33333333333334,17141.666666666668,89.73,2.0,1.3333333333333333,1.0,1.0,4.0,2005.6666666666667,3.6666666666666665,3.0,0.5,0.0,1.0,0.0,6.0,26134.666666666668,2016.0,5.333333333333333,17.666666666666668,5.666666666666667,3.0,0.0,0.0,0.0,1.0,3.0,1.0
79,116.31864581481484,39.63128544444445,1111031056376.3704,9.74074074074074,289.1777777777778,21509.37037037037,137.64370370370372,2.851851851851852,1.6666666666666667,1.0,1.851851851851852,3.0,2009.3703703703704,3.0,5.962962962962963,0.3356666666666666,0.5925925925925926,0.2592592592592592,0.0,4.0,31257.703703703704,2016.0,6.925925925925926,19.25925925925926,11.22222222222222,1.8888888888888888,0.2962962962962963,0.0,0.1111111111111111,0.5925925925925926,27.0,0.0
83,116.18870143126684,39.76684191374663,1111039663067.867,20.728661275831087,246.69317160826597,27068.714285714286,92.21956873315364,2.221024258760108,1.2174303683737646,1.0,1.151841868823001,3.31266846361186,2010.012578616352,3.302785265049416,5.427672955974843,0.445622641509434,0.821203953279425,0.2264150943396226,0.3387241689128482,5.0,36368.984725965856,2016.0,6.710691823899371,17.78796046720575,13.776280323450134,2.1608265947888587,0.1365678346810422,0.0,0.2776280323450135,0.5858041329739443,1113.0,5.0
84,116.55224298412698,39.80971307936508,1111035869183.2222,15.507936507936508,365.02222222222224,37038.74603174603,99.65555555555557,2.492063492063492,1.4126984126984128,1.0,1.2857142857142858,3.968253968253968,2011.1746031746031,2.8095238095238093,5.968253968253968,0.4417460317460318,0.5714285714285714,0.1587301587301587,0.0,6.555555555555555,47745.857142857145,2016.0,6.888888888888889,18.428571428571427,10.238095238095235,2.0793650793650795,0.0,0.0,0.0317460317460317,0.9682539682539684,63.0,6.0
85,116.49755609227468,39.80012543025751,1111029143719.5718,23.29935622317597,286.96984978540775,33628.79935622318,84.17213519313306,1.8723175965665235,1.140557939914163,0.9946351931330472,1.293991416309013,2.686695278969957,2006.0171673819743,3.107296137339056,5.118025751072961,0.373357296137339,0.703862660944206,0.4023605150214592,0.5225321888412017,3.111587982832618,47369.17918454936,2016.0,6.478540772532189,17.489270386266096,14.819742489270386,2.2489270386266096,0.3798283261802575,0.0,0.1738197424892703,0.4463519313304721,932.0,7.0
86,116.54568167676769,39.75222343939394,1111030476321.9646,15.272727272727272,286.2323232323232,25799.76767676768,113.6711616161616,2.606060606060606,1.621212121212121,1.0,1.47979797979798,3.787878787878788,2008.550505050505,3.136363636363636,5.626262626262626,0.5307777777777778,0.6565656565656566,0.4545454545454545,0.0,7.202020202020202,35101.56565656565,2016.0,5.616161616161616,16.03030303030303,11.404040404040405,2.0202020202020203,0.0,0.0,0.2121212121212121,0.7878787878787878,198.0,4.0
116,116.7016552253521,39.91668900352113,1111033483782.6514,15.746478873239436,391.34154929577466,48119.70070422535,84.28676056338028,2.0246478873239435,1.4683098591549295,0.9929577464788732,1.352112676056338,2.6901408450704225,2007.9542253521129,3.295774647887324,5.045774647887324,0.4058661971830986,0.7429577464788732,0.3626760563380282,0.2676056338028169,11.0,55718.9647887324,2016.0,5.873239436619718,17.573943661971832,13.746478873239436,2.080985915492957,0.2887323943661972,0.0,0.4436619718309859,0.2676056338028169,284.0,0.0
120,116.65756332194124,39.91098607518797,1111028475018.3745,21.742993848257004,305.63157894736844,37190.17840054682,84.06591934381409,1.897470950102529,1.2057416267942584,1.0,1.1838687628161313,3.191387559808613,2003.17976760082,3.4545454545454546,4.146274777853725,0.4091435406698565,0.507177033492823,0.6548188653451812,0.3841421736158578,10.789473684210526,43431.897470950105,2016.0,6.133971291866029,17.667805878332196,12.532467532467532,2.203691045796309,0.1913875598086124,0.0,0.2344497607655502,0.5741626794258373,1463.0,16.0
121,116.39075745278453,40.053826782082325,1111027375689.8184,26.859564164648912,444.1743341404359,48935.00726392252,91.5218401937046,2.0242130750605325,1.368038740920097,1.0,1.2203389830508475,3.571428571428572,2005.4842615012108,3.4213075060532687,4.469733656174334,0.4682615012106537,0.5665859564164649,0.6900726392251816,0.3075060532687651,7.225181598062954,61475.99273607748,2016.0,5.920096852300242,16.82082324455206,11.418886198547217,2.1767554479418885,0.0,0.0,0.4285714285714285,0.5714285714285714,413.0,3.0
122,116.35729524849826,40.08282877711034,1221704282917.4106,23.217831172937085,339.6766044894088,36480.118874486245,96.31471704078407,2.2813784381915903,1.2826430603857095,1.0,1.2620929497312678,3.6958583623142585,2003.367372747392,3.349984192222573,3.379070502687322,0.4404457793234271,0.2611444830856781,0.6854252292127727,0.6715143850774581,6.142902307935504,47177.16408472969,2016.0,6.060069554220677,17.07587733164717,8.48435030034777,2.2772684160607017,0.0701865317736326,0.0,0.0935820423648435,0.8362314258615239,3163.0,3.0
123,116.32458472251008,40.07311064939551,1178604411738.613,24.097294185377088,369.8160046056419,40346.19286125504,93.58195739781232,2.1565918249856075,1.2884283246977548,0.9976971790443292,1.1986183074265977,3.53713298791019,2004.245826137018,3.1986183074265977,4.302820955670697,0.4763097294185377,0.5509499136442142,0.6338514680483592,0.4461715601611974,6.293609671848014,49706.85089234312,2016.0,6.027633851468049,16.674150834772597,13.19055843408175,2.175014392630973,0.0690846286701209,0.0,0.2556131260794473,0.6753022452504318,1737.0,7.0
125,116.116904,39.910865,1111047727551.0,12.709677419354838,382.4935483870967,37172.096774193546,102.54612903225808,2.3225806451612905,1.064516129032258,1.0,1.1612903225806452,4.0,2012.0,2.548387096774193,6.0,0.4892258064516129,1.0,0.0,0.032258064516129,12.0,46120.0,2016.0,6.709677419354839,19.35483870967742,20.677419354838708,2.096774193548387,0.0,0.0,0.0,1.0,31.0,1.0
126,116.111318,39.949921,1111027377794.0,15.204545454545457,275.01590909090913,27592.25,101.325,2.2045454545454546,1.1363636363636365,1.0,1.2045454545454546,4.0,2005.3636363636365,3.409090909090909,2.727272727272727,0.4886363636363636,0.0454545454545454,0.6818181818181818,0.0,12.0,36923.545454545456,2016.0,5.5,14.113636363636363,6.181818181818182,2.2954545454545454,0.0,0.0,0.0,1.0,44.0,3.0
127,116.34051372195704,39.78795813603819,1111033035456.611,17.346062052505967,337.8019093078759,37313.57875894988,91.1008353221957,2.068019093078759,1.3460620525059666,0.9988066825775656,1.2410501193317425,3.394988066825776,2006.293556085919,3.156324582338902,4.443914081145585,0.4426360381861575,0.5787589498806682,0.3651551312649164,0.5978520286396182,4.0,49726.14319809069,2016.0,5.886634844868735,16.797136038186157,13.162291169451072,2.1455847255369926,0.1097852028639618,0.0,0.2756563245823389,0.6145584725536993,838.0,2.0
128,116.43971394248828,39.806181384976526,1111028608423.405,21.75,281.8671361502347,33244.8779342723,86.08291079812207,2.0938967136150235,1.2805164319248827,1.0011737089201878,1.1666666666666667,3.84037558685446,2000.9647887323945,3.103286384976526,3.591549295774648,0.4373896713615023,0.2077464788732394,0.6326291079812206,0.0798122065727699,3.26056338028169,43500.10798122066,2016.0,6.02112676056338,16.636150234741784,7.381455399061033,2.3438967136150235,0.0011737089201877,0.0,0.1561032863849765,0.8427230046948356,852.0,4.0
129,116.67402717006804,39.878202528344666,1111028769106.2903,19.41496598639456,301.5995464852608,38229.80725623583,80.02412698412698,1.7687074829931972,1.1678004535147393,0.9977324263038548,1.126984126984127,3.45578231292517,2006.702947845805,3.596371882086168,5.158730158730159,0.3953628117913832,0.7142857142857143,0.5124716553287982,0.310657596371882,11.0,45173.73242630385,2016.0,6.058956916099773,17.551020408163264,14.326530612244898,2.147392290249433,0.0793650793650793,0.0,0.3061224489795918,0.6145124716553289,441.0,4.0
130,116.33162577849464,39.74469501577061,1111031408173.4265,20.52831541218638,295.3055197132617,36525.63799283154,82.3409964157706,2.1734767025089607,1.2910394265232974,0.996415770609319,1.250179211469534,3.651612903225807,2004.4129032258063,2.9376344086021504,4.587813620071684,0.4273756272401433,0.5985663082437276,0.3870967741935484,0.7261648745519713,4.0,46503.8164874552,2016.0,6.042293906810036,17.628673835125447,13.4336917562724,2.210752688172043,0.0329749103942652,0.0,0.2494623655913978,0.717562724014337,1395.0,14.0
131,116.14713102564104,39.72850428205128,1111028093388.7563,27.78205128205128,198.98910256410252,22775.977564102563,90.01054487179488,1.8878205128205128,1.0480769230769231,0.9967948717948718,1.1730769230769231,3.532051282051282,2007.900641025641,3.076923076923077,5.615384615384615,0.3025544871794872,0.8717948717948718,0.4262820512820512,0.5480769230769231,5.0,33088.0032051282,2016.0,6.32051282051282,16.516025641025642,12.753205128205128,2.201923076923077,0.141025641025641,0.0,0.0448717948717948,0.8141025641025641,312.0,6.0
132,116.151387,40.151709,1111027375742.0,4.0,235.3,23420.666666666668,101.66333333333334,2.1666666666666665,1.1666666666666667,1.0,1.1666666666666667,4.0,2006.3333333333333,2.333333333333333,4.333333333333333,0.5,0.0,0.5,0.0,6.0,33339.0,2016.0,6.0,15.5,6.0,2.0,0.0,0.0,0.0,1.0,6.0,1.0
133,116.26868744857144,40.1641001,1111028485909.3142,22.774285714285718,205.76542857142852,33302.282857142854,65.54502857142856,1.9257142857142855,0.84,1.002857142857143,1.0514285714285714,3.96,2007.537142857143,3.065714285714286,5.48,0.3660571428571428,0.8057142857142857,0.2,0.0,6.0,43222.81142857143,2016.0,6.842857142857143,16.88,15.031428571428572,2.1314285714285712,0.0028571428571428,0.0,0.0314285714285714,0.9657142857142856,350.0,3.0
134,116.2733425625,40.124012125,1111044650946.875,24.140625,289.99375,35842.65625,81.17640625,2.203125,1.296875,1.0,1.03125,4.0,2011.375,2.609375,5.75,0.567828125,0.9375,0.03125,0.0,6.0,46987.1875,2016.0,6.59375,16.46875,15.609375,1.921875,0.0,0.0,0.0,1.0,64.0,0.0
136,116.651425,39.843737,1111063141176.0,1.0,254.5,40036.5,63.795,1.5,1.0,1.0,1.0,4.0,2014.0,3.0,6.0,0.333,0.0,0.0,0.0,11.0,37701.0,2016.0,10.5,25.0,12.0,3.0,0.0,0.0,0.0,1.0,2.0,0.0
141,116.07366010526316,39.674144052631576,1111049900882.6843,17.57894736842105,171.07368421052632,18339.263157894737,95.8978947368421,2.3684210526315788,1.368421052631579,1.0,1.1578947368421053,4.0,2011.315789473684,2.421052631578948,5.157894736842105,0.4912105263157895,0.0,0.1052631578947368,0.0,5.0,27882.63157894737,2016.0,7.684210526315789,15.157894736842104,12.157894736842104,2.526315789473684,0.0,0.0,0.0,1.0,19.0,2.0
142,116.081646,39.720928,1111055565875.0,9.75,174.625,22417.25,78.59,1.5,1.25,1.0,1.25,4.0,2011.0,1.75,6.0,0.4375,1.0,0.0,1.0,5.0,30520.0,2016.0,7.0,16.5,14.0,2.0,0.0,0.0,0.0,1.0,4.0,1.0
147,116.32812654545457,39.67647281818182,11647264965961.637,14.875,281.7625,33651.193181818184,83.42375,2.340909090909091,1.3636363636363635,1.0113636363636365,1.1477272727272727,4.0,2014.0,2.3181818181818183,6.0,0.5,1.0,0.0,1.0,4.0,43655.88636363636,2016.0,6.704545454545454,19.022727272727277,26.477272727272727,2.011363636363636,0.0,0.0,0.0,1.0,88.0,0.0
148,116.423115,39.676405,1111027381935.0,1.0,227.5,25699.33333333333,88.44333333333333,2.0,1.0,1.0,1.0,4.0,2012.0,2.6666666666666665,6.0,0.4443333333333333,0.3333333333333333,0.0,0.0,4.0,26169.0,2016.0,9.0,16.0,5.666666666666667,1.6666666666666667,0.0,0.0,0.0,1.0,3.0,0.0
149,116.35044144071588,39.74496480536913,1111027376984.9016,18.503355704697988,217.94787472035796,28906.34004474273,76.45668903803131,2.120805369127517,1.1118568232662192,1.0022371364653244,1.051454138702461,3.838926174496644,1995.9015659955255,2.950782997762864,2.5906040268456376,0.4592885906040268,0.1230425055928411,0.697986577181208,0.3445190156599552,4.0,37035.52125279642,2016.0,6.017897091722595,16.910514541387023,6.843400447427293,2.360178970917226,0.017897091722595,0.0,0.1073825503355704,0.8747203579418344,447.0,0.0
167,116.68335709230767,40.12576170769231,1111027381875.246,14.676923076923076,387.5353846153846,29092.0,134.65215384615385,2.953846153846154,1.6615384615384616,1.0,1.6153846153846154,3.692307692307693,2002.3076923076924,3.3076923076923075,3.046153846153846,0.4692307692307692,0.4769230769230769,0.7076923076923077,0.0,13.0,36205.09230769231,2016.0,6.4,17.73846153846154,10.03076923076923,2.6769230769230767,0.0,0.0,0.3076923076923077,0.6923076923076923,65.0,0.0
170,116.664731436,40.184059296,1111027379418.42,11.896,287.1196,27054.464,105.37388,2.556,1.608,0.988,1.516,3.872,2008.476,2.776,4.688,0.4391,0.66,0.236,0.0,13.0,36933.484,2016.0,5.792,18.172,10.512,2.3,0.0,0.0,0.128,0.872,250.0,0.0
171,116.661516856974,40.12984560638298,1111027379267.6277,14.555555555555555,256.42009456264776,31437.312056737588,82.91193853427896,2.0366430260047284,1.16548463356974,1.0,1.112293144208038,3.66548463356974,1998.7647754137115,3.2174940898345152,2.965721040189125,0.4814917257683215,0.2789598108747045,0.6193853427895981,0.5094562647754137,13.0,39412.55437352246,2016.0,6.113475177304965,17.660756501182032,8.606382978723405,2.4952718676122934,0.0921985815602836,0.0,0.0579196217494089,0.8498817966903073,846.0,15.0
174,116.24187818944635,40.22165834688582,1613920700281.783,20.2621107266436,207.82067474048444,28677.42214532872,74.02788927335641,1.8944636678200693,1.0942906574394464,0.986159169550173,1.078719723183391,3.442041522491349,2000.762975778547,2.9939446366782008,3.651384083044983,0.3755060553633217,0.3062283737024221,0.5441176470588235,0.3183391003460207,6.0,38698.51470588235,2016.0,6.751730103806229,16.95674740484429,10.299307958477508,2.448961937716263,0.1323529411764706,0.0,0.1608996539792387,0.7067474048442907,1156.0,8.0
175,116.3409775,40.218665,1111057589676.5,16.0,255.4375,20415.375,125.4925,3.125,1.625,1.0,1.625,4.0,2007.5,2.5,4.5,0.5,0.0,0.125,0.0,6.0,30879.0,2016.0,7.5,14.125,4.875,2.125,0.0,0.0,0.0,1.0,8.0,1.0
176,116.121949,40.215899,1111027378569.0,24.33333333333333,123.66666666666669,16715.333333333332,75.92666666666666,2.0,1.0,1.0,1.0,4.0,2001.3333333333333,3.6666666666666665,2.0,0.4443333333333333,0.0,0.6666666666666666,0.0,6.0,28158.0,2016.0,7.666666666666667,10.666666666666666,5.666666666666667,2.0,0.0,0.0,0.0,1.0,3.0,0.0
177,116.197994,40.192565,1111027378849.0,10.0,118.0,19667.0,60.0,2.0,1.0,1.0,1.0,4.0,1992.0,1.0,2.0,0.5,0.0,1.0,1.0,6.0,30278.0,2016.0,9.0,4.0,6.0,1.0,0.0,0.0,0.0,1.0,1.0,0.0
178,116.27247942857142,40.18825735064935,1111033717403.197,15.01948051948052,214.3603896103896,30618.25108225108,68.42636363636363,1.7943722943722944,0.8203463203463204,0.854978354978355,1.147186147186147,3.575757575757576,2009.2813852813852,2.9913419913419914,5.70995670995671,0.4169264069264069,0.8874458874458875,0.1774891774891775,0.1753246753246753,6.0,43015.49567099567,2016.0,6.835497835497836,17.428571428571427,16.549783549783548,1.9545454545454544,0.0151515151515151,0.0,0.3787878787878788,0.6060606060606061,462.0,2.0
179,116.329972,40.174041,1111027379664.0,25.181818181818183,197.4060606060606,24122.272727272728,83.84333333333333,1.818181818181818,1.1515151515151516,0.9696969696969696,1.121212121212121,4.0,2004.1515151515152,3.4242424242424243,3.575757575757576,0.3586666666666667,0.0,0.7272727272727273,0.0,6.0,33905.0,2016.0,5.909090909090909,15.484848484848484,5.96969696969697,2.4242424242424243,0.0,0.0,0.0,1.0,33.0,0.0
180,116.41792088235296,40.16884735294118,1111030177532.7942,21.58823529411765,277.2558823529412,24049.32352941177,111.03117647058824,2.147058823529412,1.2647058823529411,0.9705882352941176,1.5588235294117647,4.0,2006.3823529411768,3.088235294117647,5.0588235294117645,0.3510294117647059,0.7941176470588235,0.4705882352941176,0.0,6.0,35312.205882352944,2016.0,8.205882352941176,16.61764705882353,6.676470588235294,2.264705882352941,0.0,0.0,0.0,1.0,34.0,3.0
181,116.3577726413994,40.09532143877551,1111027931369.9343,20.456268221574344,374.7521865889213,36642.99416909621,106.692638483965,2.424198250728863,1.3338192419825072,0.998542274052478,1.400874635568513,3.870262390670554,2004.997084548105,3.402332361516035,3.206997084548105,0.4357259475218659,0.3673469387755102,0.6953352769679301,0.7478134110787172,6.0,45022.83090379009,2016.0,6.153061224489796,16.838192419825074,7.268221574344023,2.25801749271137,0.0364431486880466,0.0,0.0204081632653061,0.9431486880466472,686.0,0.0
182,116.31470417197453,40.0932883089172,1111030994254.188,25.17515923566879,325.00987261146497,33751.888535031845,100.74761146496816,2.337579617834395,1.28343949044586,0.9968152866242038,1.4585987261146496,3.990445859872612,2006.5095541401276,3.0477707006369426,3.2356687898089174,0.4293853503184713,0.2292993630573248,0.5987261146496815,0.2738853503184713,6.0,44149.32165605095,2016.0,6.089171974522293,16.888535031847134,6.509554140127388,2.343949044585987,0.0031847133757961,0.0,0.0,0.9968152866242038,314.0,0.0
183,116.40005800000002,40.189649,1111027377217.0,39.35714285714285,104.08571428571427,21325.0,47.70928571428571,1.1428571428571428,0.5714285714285714,1.0,1.0,3.357142857142857,2010.7142857142856,3.357142857142857,6.0,0.0794285714285714,1.0,0.0,0.0,6.0,36912.0,2016.0,10.642857142857142,19.357142857142858,7.428571428571429,1.9285714285714288,0.2142857142857142,0.0,0.0,0.7857142857142857,14.0,1.0
194,116.34234293719808,39.90315579468599,1111027586867.9626,29.01207729468599,426.951690821256,80914.82971014493,54.317234299516905,1.5253623188405796,0.7910628019323671,0.9480676328502416,1.0809178743961352,1.9057971014492756,1999.2185990338164,3.2644927536231885,4.871980676328502,0.2245797101449275,0.785024154589372,0.6014492753623188,0.894927536231884,9.690821256038648,93128.15942028986,2016.0,6.253623188405797,18.03502415458937,16.801932367149757,2.0917874396135265,0.6654589371980676,0.0,0.0978260869565217,0.2367149758454106,828.0,1.0
195,116.34585810714286,39.92250279464286,1111027379857.9822,25.401785714285715,669.8089285714286,101876.39285714286,65.17196428571428,1.9642857142857144,0.9375,1.0,1.0535714285714286,2.821428571428572,1986.642857142857,3.25,3.75,0.3277857142857143,0.4017857142857143,0.6517857142857143,0.4107142857142857,9.910714285714286,119217.05357142857,2016.0,5.928571428571429,17.883928571428573,10.410714285714286,2.044642857142857,0.3839285714285714,0.0,0.0267857142857142,0.5892857142857143,112.0,0.0
196,116.30850539701494,39.92064730746269,1111027377830.0747,23.35820895522388,514.5337313432835,80773.34626865672,65.08223880597015,1.955223880597015,1.035820895522388,1.0029850746268656,1.0626865671641792,3.208955223880597,1991.1253731343284,3.301492537313433,3.5253731343283583,0.3317850746268657,0.3522388059701492,0.7134328358208956,0.8746268656716418,8.0,91644.46865671642,2016.0,6.453731343283582,18.34925373134328,9.794029850746268,2.256716417910448,0.226865671641791,0.0,0.1104477611940298,0.6626865671641791,335.0,3.0
197,116.34017748293964,39.93356449343832,1111027415076.294,24.346456692913385,577.1606299212599,81137.65879265092,70.95461942257218,1.9711286089238844,1.057742782152231,0.9973753280839897,1.073490813648294,3.083989501312336,1989.6797900262468,3.1653543307086616,3.784776902887139,0.346254593175853,0.3412073490813648,0.6929133858267716,0.94750656167979,8.908136482939632,95980.4435695538,2016.0,6.097112860892389,17.64304461942257,10.63254593175853,2.220472440944882,0.2467191601049868,0.0,0.1758530183727034,0.5774278215223098,381.0,1.0
198,116.35643403073286,39.92994763356974,1111027423990.844,27.817966903073287,576.4456264775414,87838.12056737588,66.89690307328605,2.016548463356974,0.966903073286052,0.9905437352245864,1.066193853427896,3.208037825059101,1986.725768321513,3.0969267139479904,3.271867612293144,0.3342671394799054,0.3853427895981087,0.6382978723404256,0.8605200945626478,10.0,102780.44680851063,2016.0,6.1891252955082745,17.725768321513,10.0354609929078,2.186761229314421,0.2056737588652482,0.0,0.1749408983451536,0.6193853427895981,423.0,0.0
199,116.3544180180723,39.91760263253012,1111027544135.6929,29.93975903614458,613.8909638554217,92028.3795180723,66.92740963855422,2.0120481927710845,0.9518072289156626,0.993975903614458,1.0602409638554218,2.716867469879518,1989.9578313253007,3.156626506024097,3.4939759036144578,0.3045060240963855,0.5542168674698795,0.6265060240963856,0.8192771084337349,10.0,106232.96987951807,2016.0,6.885542168674699,17.849397590361445,11.927710843373497,2.1506024096385543,0.3674698795180723,0.0,0.180722891566265,0.4518072289156626,166.0,1.0
200,116.3783465564516,39.93030342741936,1111027528367.5322,20.274193548387096,812.5346774193548,115783.08870967742,70.02028225806451,1.9838709677419355,1.0564516129032258,1.0040322580645162,1.0887096774193548,3.818548387096774,1993.0362903225807,3.129032258064516,2.911290322580645,0.4114596774193548,0.1854838709677419,0.625,0.9838709677419356,10.0,133545.4516129032,2016.0,6.32258064516129,17.346774193548388,7.262096774193548,2.1169354838709675,0.0080645161290322,0.0,0.157258064516129,0.8346774193548387,248.0,1.0
201,116.37903343963552,39.90648635763098,1111027378854.918,22.350797266514807,701.226423690205,101291.69248291572,70.60676537585421,1.89749430523918,0.9817767653758542,0.9886104783599088,1.0911161731207288,2.644646924829157,1991.273348519362,3.1480637813211847,4.687927107061504,0.2808861047835991,0.7357630979498861,0.6605922551252847,0.9544419134396356,10.0,112228.57175398633,2016.0,6.605922551252847,16.656036446469248,12.353075170842825,2.1184510250569475,0.3621867881548975,0.0068337129840546,0.255125284738041,0.3758542141230068,439.0,9.0
202,116.35757448717948,39.9050798974359,1111027427471.5513,23.371794871794872,530.8285256410256,86600.43269230769,61.58948717948717,1.9711538461538465,0.935897435897436,1.0,1.0224358974358974,3.0801282051282053,1984.448717948718,3.1634615384615383,3.275641025641025,0.3224134615384615,0.4102564102564102,0.6314102564102564,0.8301282051282052,10.0,101833.57371794872,2016.0,6.762820512820513,17.506410256410255,9.865384615384617,2.227564102564102,0.2852564102564102,0.0,0.0641025641025641,0.6506410256410257,312.0,4.0
203,116.37114500995024,39.89213116417911,1111027378426.6218,23.88059701492537,441.6975124378109,64021.2736318408,69.8244776119403,1.6666666666666667,0.9303482587064676,1.0,1.1044776119402986,1.7213930348258706,1998.9303482587063,3.074626865671642,5.492537313432836,0.2604825870646766,0.8059701492537313,0.681592039800995,0.9054726368159204,10.0,79431.59203980099,2016.0,5.562189054726368,17.567164179104477,17.766169154228855,2.1343283582089554,0.7512437810945274,0.0,0.0248756218905472,0.2238805970149253,201.0,1.0
204,116.3498282467363,39.89211165665797,1111027395908.5757,34.3355091383812,509.0848563968668,70589.31462140993,74.38345953002612,1.894255874673629,0.9725848563968668,0.9986945169712794,1.12532637075718,2.381201044386423,1996.07180156658,3.251958224543081,4.407310704960835,0.3125013054830287,0.5718015665796344,0.7140992167101827,0.7741514360313316,10.0,84889.37467362924,2016.0,6.456919060052219,17.21409921671018,16.39817232375979,2.219321148825065,0.5052219321148825,0.0,0.1031331592689295,0.391644908616188,766.0,1.0
205,116.33184392431887,39.88897824419778,1111027378393.4785,30.186680121089807,402.4245206861756,58554.32996972755,69.19200807265388,1.900100908173562,1.089808274470232,0.9969727547931384,1.065590312815338,2.681130171543895,1994.8758829465187,3.1836528758829465,4.4278506559031285,0.3101574167507568,0.6064581231079718,0.6589303733602422,0.8254288597376388,6.456104944500504,71024.24318869828,2016.0,6.24117053481332,17.290615539858727,14.20484359233098,2.198789101917255,0.39656912209889,0.0,0.1291624621594349,0.474268415741675,991.0,4.0
206,116.30837679850744,39.89741646268657,1111027378919.5374,29.029850746268657,395.1880597014925,49526.798507462685,84.34320895522387,1.962686567164179,1.0597014925373134,0.9776119402985076,1.208955223880597,2.529850746268657,2002.537313432836,3.1194029850746268,4.776119402985074,0.3236417910447761,0.6940298507462687,0.5970149253731343,0.3059701492537313,6.791044776119403,67318.27611940299,2016.0,6.41044776119403,18.85820895522388,17.91044776119403,2.164179104477612,0.3880597014925373,0.0,0.3059701492537313,0.3059701492537313,134.0,4.0
207,116.36246857223796,39.94166980169972,1111027377508.567,31.94900849858357,578.8320113314448,85136.71671388102,69.90560906515582,1.96600566572238,1.0254957507082152,0.9943342776203966,1.0736543909348442,2.9575070821529743,1992.0509915014163,3.198300283286119,3.235127478753541,0.3274617563739377,0.5184135977337111,0.5920679886685553,1.0,10.0,97659.2181303116,2016.0,6.793201133144476,17.61473087818697,11.186968838526912,2.1473087818696883,0.2776203966005666,0.0,0.2096317280453258,0.5127478753541076,353.0,2.0
208,116.35465335042734,39.960105117521366,1111027379829.1047,21.16025641025641,536.2264957264957,70699.9188034188,76.88405982905982,1.9658119658119655,1.061965811965812,0.9957264957264956,1.1132478632478633,2.623931623931624,1994.989316239316,3.108974358974359,4.401709401709402,0.3383376068376069,0.6004273504273504,0.655982905982906,0.3183760683760683,8.217948717948717,85581.05769230769,2016.0,6.055555555555555,16.858974358974358,12.867521367521368,2.145299145299145,0.4188034188034188,0.0,0.1196581196581196,0.4615384615384615,468.0,5.0
209,116.39410818181818,39.94210090909091,1111027378257.2727,19.09090909090909,577.7181818181817,97903.90909090907,58.88,2.272727272727273,1.0,1.0,1.0,3.909090909090909,1983.909090909091,2.909090909090909,2.727272727272727,0.4165454545454545,0.0909090909090909,0.7272727272727273,1.0,7.545454545454546,120904.45454545454,2016.0,6.363636363636363,19.363636363636363,6.2727272727272725,2.4545454545454546,0.0,0.0,0.0909090909090909,0.9090909090909092,11.0,0.0
210,116.408468,39.9329518,1111027379588.0,31.8,400.8,94065.8,48.594,2.0,0.8,0.8,0.8,4.0,1989.2,3.0,4.2,0.3248,0.0,0.6,0.8,1.0,108827.2,2016.0,6.6,20.6,4.0,2.4,0.0,0.0,0.0,1.0,5.0,2.0
211,116.3840945757576,39.8901155021645,1111027584922.9917,23.88744588744589,712.5354978354978,89568.70995670995,76.94415584415584,1.8874458874458877,1.1688311688311688,1.0086580086580086,1.1168831168831168,3.41991341991342,2001.1948051948048,3.0303030303030303,4.857142857142857,0.5281038961038961,0.5844155844155844,0.5324675324675324,0.9826839826839828,10.0,107643.22077922078,2016.0,6.424242424242424,16.558441558441558,11.523809523809524,2.1904761904761907,0.0562770562770562,0.0,0.4112554112554112,0.5324675324675324,231.0,0.0
212,116.4003377887324,39.89211374647887,1111027379103.9858,25.633802816901408,394.3704225352113,63604.042253521126,62.09084507042253,1.619718309859155,0.9577464788732394,1.0,1.0,3.112676056338028,1992.7464788732395,3.2816901408450705,4.676056338028169,0.2080845070422535,0.4929577464788732,0.8591549295774648,1.0,10.0,77658.67605633802,2016.0,5.0,15.183098591549296,8.47887323943662,2.3380281690140845,0.1971830985915492,0.0,0.2957746478873239,0.5070422535211268,71.0,4.0
213,116.42265743050848,39.90349242711864,1111027379227.912,28.56610169491525,535.4589830508475,76519.46440677966,72.45288135593219,1.647457627118644,0.7627118644067796,0.9966101694915256,1.176271186440678,2.3423728813559324,2000.3830508474573,3.216949152542373,5.742372881355932,0.2655186440677966,0.8338983050847457,0.6542372881355932,1.0,1.0,91727.50847457629,2016.0,6.050847457627119,17.152542372881356,11.60677966101695,2.138983050847457,0.4406779661016949,0.0,0.335593220338983,0.223728813559322,295.0,14.0
214,116.4136983939394,39.89573478787879,1111027378037.8484,37.13636363636363,452.0060606060606,59312.90909090909,77.50378787878788,2.1666666666666665,1.0606060606060606,1.0303030303030305,1.2575757575757576,3.136363636363636,1997.8636363636365,3.1515151515151514,5.484848484848484,0.3809242424242424,0.0303030303030303,0.8787878787878788,1.0,1.0,79503.63636363637,2016.0,5.212121212121212,17.5,5.287878787878788,2.378787878787879,0.0151515151515151,0.0,0.8181818181818182,0.1666666666666666,66.0,2.0
215,116.41960165686277,39.94272756862745,1111027519866.5588,28.392156862745097,605.2107843137255,96934.01960784312,63.54401960784313,1.9215686274509804,0.9215686274509804,0.9509803921568628,0.9803921568627452,3.313725490196078,1993.9901960784316,2.9901960784313726,4.2745098039215685,0.3287450980392157,0.4313725490196078,0.6764705882352942,0.9901960784313726,1.0,116254.08823529413,2016.0,6.676470588235294,18.53921568627451,7.656862745098039,2.0294117647058822,0.0784313725490196,0.0392156862745098,0.3725490196078431,0.5098039215686274,102.0,0.0
216,116.37334307114094,39.95777837449665,1111027379820.8967,30.35973154362416,576.1606711409396,84102.01610738254,69.02554362416107,1.9436241610738252,1.0093959731543625,0.9932885906040269,1.0818791946308726,3.1986577181208053,1993.689932885906,3.2885906040268456,3.503355704697986,0.339896644295302,0.3530201342281879,0.6939597315436241,0.5892617449664429,9.140939597315436,102782.95302013424,2016.0,6.27248322147651,17.633557046979867,10.16510067114094,2.122147651006711,0.2375838926174496,0.0,0.0885906040268456,0.6738255033557047,745.0,0.0
217,116.40536791608392,39.95786039393939,1111027899064.1165,33.07925407925408,571.6377622377622,85935.71794871795,67.53158508158508,1.9953379953379955,1.0256410256410255,0.9976689976689976,1.0792540792540792,3.375291375291375,1991.4848484848485,3.1305361305361306,3.8578088578088576,0.3346503496503496,0.3799533799533799,0.6083916083916084,1.0,4.174825174825175,103461.8344988345,2016.0,6.776223776223776,17.836829836829835,9.034965034965037,2.2703962703962706,0.1701631701631701,0.0,0.1142191142191142,0.7156177156177156,429.0,1.0
218,116.4343611219512,39.93807017421603,1111027701804.6724,30.254355400696863,628.6341463414634,85690.98257839722,78.21121951219511,2.097560975609756,1.0313588850174216,0.9930313588850174,1.146341463414634,3.609756097560976,1999.5435540069689,3.1707317073170733,5.174216027874564,0.4879337979094076,0.3449477351916376,0.6550522648083623,0.989547038327526,1.0,102543.01045296168,2016.0,6.442508710801394,17.735191637630663,9.275261324041812,2.073170731707317,0.1114982578397212,0.0034843205574912,0.048780487804878,0.8362369337979094,287.0,4.0
219,116.43328510962566,39.96057024331551,1111027377059.0962,31.43582887700535,526.814973262032,73295.20855614974,72.60505347593583,2.0828877005347595,1.0695187165775402,0.997326203208556,1.088235294117647,2.96524064171123,1992.572192513369,3.286096256684492,4.315508021390374,0.3333502673796791,0.5187165775401069,0.6951871657754011,0.9759358288770054,2.989304812834225,85534.00267379679,2016.0,6.56951871657754,18.45187165775401,11.243315508021391,2.192513368983957,0.2780748663101604,0.0,0.2005347593582887,0.5213903743315508,374.0,2.0
220,116.41623506630582,39.96867874154263,1111027376797.828,29.250338294993234,449.7048714479026,68970.27875507443,66.00566982408661,2.041948579161029,1.0365358592692828,0.9972936400541272,1.0581867388362651,3.2070365358592694,1990.553450608931,3.15426251691475,4.03382949932341,0.3262327469553451,0.4221921515561569,0.6765899864682002,0.8768606224627875,4.345060893098782,81392.99864682002,2016.0,6.373477672530447,18.55886332882273,10.139377537212448,2.266576454668471,0.2056833558863328,0.0,0.175913396481732,0.618403247631935,739.0,1.0
221,116.43561040930231,39.92159808837209,1111027451764.586,29.358139534883723,547.9437209302325,78488.44186046511,74.73539534883722,1.855813953488372,1.0,0.9767441860465116,1.0744186046511628,2.888372093023256,1995.986046511628,3.153488372093024,4.72093023255814,0.3950279069767441,0.5534883720930233,0.6046511627906976,1.0,1.697674418604651,95597.89302325582,2016.0,6.386046511627907,17.21395348837209,11.674418604651162,2.1116279069767443,0.2651162790697674,0.013953488372093,0.2883720930232558,0.4325581395348837,215.0,7.0
222,116.44829444340878,39.90469093209055,1111028177040.7883,28.29294274300932,564.6842876165114,66396.19573901464,86.64741677762983,1.9320905459387483,1.1198402130492675,0.9973368841544608,1.1784287616511318,2.5019973368841546,1999.6085219707056,3.2356857523302263,4.908122503328895,0.3593794940079893,0.7323568575233023,0.6671105193075899,0.9720372836218376,3.492676431424767,81596.48868175766,2016.0,6.275632490013316,16.537949400798936,14.801597869507324,2.0426098535286283,0.4101198402130492,0.0,0.2676431424766977,0.322237017310253,751.0,3.0
223,116.43567247058824,39.89573421925134,1111030104793.9626,34.8235294117647,578.8598930481284,75231.01604278074,77.09427807486631,2.005347593582888,1.0695187165775402,1.0,1.1176470588235294,3.1016042780748663,1996.1016042780748,3.320855614973262,4.240641711229946,0.3481016042780748,0.5347593582887701,0.679144385026738,0.9946524064171124,1.0,90092.05347593584,2016.0,6.315508021390374,16.823529411764707,10.470588235294118,2.197860962566845,0.1978609625668449,0.0,0.3048128342245989,0.4973262032085561,187.0,4.0
224,116.4569204345238,39.89626724603174,1111028104141.9385,26.209325396825395,447.9255952380952,61193.68452380953,72.42283730158731,1.890873015873016,0.9563492063492064,0.9821428571428572,1.0962301587301588,2.7807539682539684,1996.4037698412696,3.142857142857143,5.073412698412699,0.3158759920634921,0.7043650793650794,0.6388888888888888,0.8313492063492064,3.922619047619048,76597.63492063493,2016.0,6.131944444444445,17.267857142857142,15.978174603174605,2.1101190476190474,0.2787698412698413,0.0,0.3829365079365079,0.3382936507936508,1008.0,3.0
225,116.44967570833332,39.916178075,1111027378493.6,15.816666666666666,545.0866666666667,59879.84166666667,94.86691666666668,1.7416666666666667,0.9166666666666666,1.025,1.225,2.1,1999.325,3.316666666666667,5.3,0.371675,0.7916666666666666,0.5333333333333333,0.8,7.0,75567.4,2016.0,6.416666666666667,18.7,20.20833333333333,2.05,0.5916666666666667,0.0,0.125,0.2833333333333333,120.0,11.0
226,116.49275859566788,39.91563006859206,1111027378327.173,18.7942238267148,501.5409747292419,51682.62093862816,98.18200361010832,1.907942238267148,1.1407942238267148,0.9765342960288808,1.287003610108303,2.149819494584837,2002.7220216606495,3.362815884476534,5.776173285198556,0.3160216606498194,0.9314079422382672,0.6823104693140795,0.9747292418772564,7.0,67748.80144404332,2016.0,5.844765342960288,16.46028880866426,19.685920577617328,2.03971119133574,0.555956678700361,0.0,0.1823104693140794,0.2617328519855595,554.0,6.0
227,116.5075299899092,39.90586493541877,1111032037750.1948,29.95358224016145,392.0805247225025,47607.083753784056,82.78765893037337,1.6922300706357214,1.0484359233097882,0.9959636730575177,1.1957618567103936,2.769929364278507,2005.8607467204845,3.4762865792129163,5.572149344096872,0.3862704339051463,0.887991927346115,0.669021190716448,0.6972754793138244,7.0,61633.48335015136,2016.0,6.252270433905147,17.474268415741676,17.79313824419778,2.143289606458123,0.255297679112008,0.0,0.4641775983854692,0.2805247225025227,991.0,0.0
228,116.48209175144092,39.88496566210375,1111028453018.2068,25.060518731988477,499.4477665706052,52226.5886167147,90.98048270893372,1.9646974063400575,1.2838616714697406,0.9992795389048992,1.3105187319884726,2.979827089337176,2001.0165706051876,3.2838616714697406,4.871757925072046,0.3777291066282421,0.6743515850144092,0.6087896253602305,0.7845821325648416,7.0,67383.1779538905,2016.0,6.026657060518732,17.137608069164266,14.677953890489912,2.211815561959654,0.2845821325648415,0.0,0.1664265129682997,0.5489913544668588,1388.0,6.0
229,116.44642889341694,39.933089094043886,1111027377878.2148,25.12382445141066,545.1529780564263,69106.42319749216,81.78738244514106,1.8824451410658307,0.987460815047022,0.9968652037617556,1.20846394984326,2.7978056426332287,1996.474921630094,3.3260188087774294,4.717868338557993,0.3757711598746081,0.6504702194357367,0.603448275862069,0.9059561128526644,4.498432601880878,80846.55015673982,2016.0,6.528213166144201,17.230407523510973,12.77115987460815,2.1410658307210038,0.3181818181818182,0.0015673981191222,0.2445141065830721,0.4357366771159874,638.0,6.0
230,116.4603374826087,39.92617956086956,1111027377306.7434,12.860869565217392,578.8573913043479,69997.35652173913,81.76882608695651,1.9565217391304348,1.0434782608695652,1.0043478260869565,1.2,2.126086956521739,1992.417391304348,3.0217391304347827,5.182608695652174,0.3776130434782608,0.691304347826087,0.6217391304347826,0.9521739130434784,7.0,82609.83913043479,2016.0,6.369565217391305,16.252173913043478,18.234782608695653,2.1478260869565218,0.591304347826087,0.0,0.1,0.308695652173913,230.0,2.0
231,116.48695512686568,39.92415438507463,1111028064524.181,24.27462686567164,408.3807462686567,51466.64626865672,79.80946268656716,2.0492537313432835,1.0985074626865672,0.9776119402985076,1.1597014925373137,2.7686567164179103,1991.6985074626864,3.162686567164179,4.826865671641791,0.3218940298507463,0.6686567164179105,0.6955223880597015,0.6776119402985075,7.0,64507.27462686567,2016.0,6.228358208955224,17.37462686567164,15.625373134328358,2.111940298507463,0.3835820895522388,0.0,0.0805970149253731,0.5358208955223881,670.0,1.0
232,116.44512492619926,39.95422705289053,1111027377536.915,26.68634686346864,461.3328413284133,65623.94341943419,71.31552275522755,1.865928659286593,1.027060270602706,0.972939729397294,1.0910209102091022,2.6494464944649447,1993.639606396064,3.3222632226322264,4.701107011070111,0.3676186961869619,0.6383763837638377,0.6851168511685117,0.7822878228782287,4.055350553505535,80470.0750307503,2016.0,6.108241082410824,17.268142681426813,13.493234932349324,2.2214022140221403,0.3677736777367774,0.0,0.2472324723247232,0.3849938499384994,813.0,2.0
233,116.47049601762114,39.94149742290749,1111028389541.9497,22.133039647577093,387.7696916299559,56058.436123348016,69.29071365638767,1.9744493392070483,0.9876651982378856,1.0,1.0863436123348018,3.153303964757709,1988.2229074889867,3.275770925110132,4.516299559471365,0.3569022026431718,0.4308370044052863,0.6669603524229075,0.8563876651982378,7.0,68394.3127753304,2016.0,6.2687224669603525,17.544493392070486,10.7215859030837,2.231718061674009,0.2361233480176211,0.0,0.1383259911894273,0.6255506607929515,1135.0,7.0
234,116.44349550490196,39.97003074509804,1111027551067.5234,26.350980392156863,391.0570588235294,57068.6,68.70500000000001,1.952941176470588,1.0254901960784313,0.9980392156862744,1.0833333333333333,2.6745098039215685,1990.523529411765,3.3598039215686275,4.847058823529411,0.3093696078431373,0.6372549019607843,0.6931372549019608,0.918627450980392,7.0,69162.42941176471,2016.0,6.107843137254902,17.461764705882352,13.684313725490195,2.1745098039215685,0.3754901960784313,0.0,0.1990196078431372,0.4254901960784313,1020.0,0.0
235,116.44370323614808,40.02067635422211,1111028172555.5005,27.59327365110089,491.7889184611663,53195.17203000242,91.14028550689572,2.0130655698040165,1.2617953060730704,0.9983063150254052,1.2467940962980886,2.721751754173724,2002.767481248488,3.336075489958868,5.16138398257924,0.3955683522864747,0.7633680135494798,0.595693201064602,0.6201306556980402,6.945802080812968,64793.49479796758,2016.0,6.104766513428502,17.545850471812244,18.052988144205177,2.1202516331962253,0.3467215097991774,0.0,0.2380837164287442,0.4151947737720784,4133.0,17.0
237,116.49161061270492,39.93454585245902,1111027377103.7048,26.50204918032787,504.2241803278689,53258.24180327869,88.19938524590165,2.069672131147541,1.2049180327868851,0.971311475409836,1.2295081967213115,2.920081967213114,1995.311475409836,3.25,4.565573770491803,0.4620143442622951,0.6086065573770492,0.6516393442622951,0.8524590163934426,7.0,67180.12909836066,2016.0,5.875,16.557377049180328,15.397540983606556,2.219262295081968,0.2786885245901639,0.0,0.2438524590163934,0.4774590163934426,488.0,0.0
238,116.58108274242424,39.91421086363636,1111027496496.2576,21.48989898989899,299.8984848484849,37920.06060606061,81.51979797979799,1.904040404040404,1.0909090909090908,1.0,1.181818181818182,3.75,2002.239898989899,3.265151515151515,4.2727272727272725,0.4314141414141414,0.4267676767676767,0.7070707070707071,0.7373737373737373,7.0,48138.87373737374,2016.0,6.108585858585859,17.73989898989899,10.257575757575758,2.237373737373737,0.0378787878787878,0.0,0.1363636363636363,0.8257575757575758,396.0,4.0
239,116.5564996539924,39.91948159315589,1111027376290.1826,38.01901140684411,262.03117870722434,38072.23954372624,68.97669201520912,1.9239543726235744,1.0684410646387832,1.0,1.0874524714828897,2.7604562737642584,1995.9467680608368,3.2395437262357416,3.901140684410646,0.329680608365019,0.4486692015209125,0.6273764258555133,0.6958174904942965,7.0,48137.05703422053,2016.0,6.011406844106464,17.342205323193916,11.494296577946768,2.273764258555133,0.4068441064638783,0.0,0.0190114068441064,0.5741444866920152,263.0,1.0
240,116.578313,39.907903,1111027373774.0,50.49152542372882,169.47966101694914,35401.13559322034,48.41237288135593,2.016949152542373,0.3898305084745763,1.0,1.0,4.0,1985.1525423728813,2.694915254237288,2.4745762711864407,0.3358474576271186,0.0,0.4745762711864407,0.0338983050847457,7.0,44253.0,2016.0,6.338983050847458,17.52542372881356,5.0,2.305084745762712,0.0,0.0,0.0,1.0,59.0,0.0
241,116.56832583561643,39.85727236986301,1111035499420.8835,23.294520547945204,409.4369863013698,34217.27397260274,119.57260273972602,2.6780821917808217,1.63013698630137,0.9931506849315068,1.6164383561643836,3.910958904109589,2006.7328767123288,3.116438356164384,4.438356164383562,0.4708424657534246,0.547945205479452,0.4383561643835616,0.0,8.424657534246576,44328.08219178082,2016.0,6.773972602739726,17.335616438356166,9.568493150684931,2.0273972602739727,0.0,0.0,0.0890410958904109,0.910958904109589,146.0,1.0
242,116.50974607768924,39.87561962749004,1111027377403.5657,22.448207171314746,404.47410358565736,42877.88047808765,91.17430278884464,2.0776892430278884,1.2270916334661357,1.0099601593625498,1.2669322709163346,3.3266932270916336,1999.7828685258964,3.197211155378486,4.711155378486056,0.3954342629482072,0.6095617529880478,0.6294820717131474,0.8247011952191236,7.0,54013.988047808765,2016.0,6.147410358565737,17.105577689243027,13.5597609561753,2.1274900398406373,0.1613545816733067,0.0,0.1892430278884462,0.649402390438247,502.0,1.0
243,116.60336800530035,39.90558100530036,1111030704923.5671,24.685512367491167,325.03286219081275,38048.17667844523,85.32402826855125,2.03886925795053,1.2579505300353355,1.0,1.187279151943463,3.051236749116608,2005.4611307420491,3.26678445229682,5.060070671378092,0.4411201413427562,0.7102473498233216,0.4982332155477031,0.1554770318021201,7.0,48416.50176678445,2016.0,5.80035335689046,17.275618374558302,12.07773851590106,2.1236749116607774,0.1978798586572438,0.0,0.3551236749116608,0.4469964664310954,566.0,3.0
244,116.60422572222222,39.89334055555556,1111027376018.75,59.888888888888886,253.0888888888889,33451.86111111111,72.3675,1.8611111111111112,0.8611111111111112,1.0,1.0833333333333333,4.0,2006.5833333333333,3.5277777777777777,5.333333333333333,0.2903055555555556,0.8055555555555556,0.5,0.0,7.0,46843.0,2016.0,6.722222222222222,15.13888888888889,5.888888888888889,2.388888888888889,0.0,0.0,0.0,1.0,36.0,0.0
245,116.57173798672568,39.85566884513274,1111027374974.0752,24.44690265486725,408.6778761061947,36439.60619469026,113.05783185840708,2.349557522123894,1.7831858407079646,1.0,1.6858407079646018,3.088495575221239,2007.1902654867256,3.699115044247788,5.8053097345132745,0.5818628318584071,0.9424778761061948,0.672566371681416,0.0,7.0,46086.00442477876,2016.0,5.508849557522124,16.86283185840708,17.513274336283185,2.150442477876106,0.2831858407079646,0.0,0.0619469026548672,0.6548672566371682,226.0,0.0
246,116.59922784713764,39.92612540621194,1111029175289.0134,30.58708891595615,344.32825822168087,40736.92691839221,85.16354445797808,1.8775883069427528,1.218026796589525,1.0006090133982948,1.161388550548112,2.792935444579781,2004.7862362971985,3.409866017052375,5.406820950060902,0.3951565164433617,0.8002436053593179,0.6632155907429963,0.6370280146163215,7.0,50931.3233861145,2016.0,6.285627283800244,16.982947624847746,17.53593179049939,2.1504263093788065,0.2917174177831912,0.0,0.3319123020706455,0.3763702801461632,1642.0,2.0
247,116.60419823076924,39.93559323076923,1111027380514.1538,17.923076923076923,538.3076923076923,44555.42307692308,120.80192307692307,2.5,1.7307692307692308,1.0,1.4230769230769231,3.4615384615384617,2003.576923076923,3.9615384615384617,6.0,0.5320769230769231,0.9230769230769232,0.6153846153846154,1.0,7.0,59315.230769230766,2016.0,5.884615384615385,20.73076923076923,10.576923076923077,2.269230769230769,0.0,0.0,0.5384615384615384,0.4615384615384615,26.0,1.0
248,116.54131204095114,39.9637112324967,1111030100546.4294,26.933949801849405,461.4856010568032,46659.17701453104,98.55919418758256,2.28665785997358,1.4583883751651254,1.0066050198150591,1.2800528401585205,3.285336856010568,2005.07001321004,3.3751651254953763,4.885072655217965,0.4091836195508587,0.6486129458388376,0.5653896961690885,0.0,7.0,55446.306472919416,2016.0,6.268163804491413,16.67239101717305,10.350066050198151,2.14002642007926,0.2126816380449141,0.0,0.0766182298546895,0.7107001321003963,757.0,4.0
250,116.4863581115312,40.00008408695653,1111028091238.0227,22.325141776937617,673.3209829867675,56707.58223062382,119.11965973534971,2.376181474480151,1.55765595463138,1.001890359168242,1.5179584120982987,2.7580340264650283,2001.818525519849,3.4102079395085068,5.754253308128544,0.4718185255198488,0.9489603024574668,0.5897920604914934,0.7958412098298677,7.0,68719.65217391304,2016.0,6.274102079395085,17.775047258979207,22.801512287334592,2.0340264650283557,0.3251417769376181,0.0,0.2665406427221172,0.4083175803402646,529.0,0.0
251,116.51826155999998,40.03477164,1111033081450.12,21.0,429.332,44691.4,86.8476,2.08,1.2,1.04,1.4,3.76,2001.4,3.48,3.6,0.37984,0.0,0.56,0.0,7.0,52826.16,2016.0,7.16,22.12,5.96,2.04,0.08,0.0,0.0,0.92,25.0,0.0
253,116.47618374129353,40.02170118905473,1111029513899.204,21.31343283582089,685.3482587064676,60216.60199004975,109.00373134328358,2.004975124378109,1.4029850746268655,1.0298507462686568,1.407960199004975,2.243781094527363,2006.4726368159204,3.388059701492537,6.0,0.4215273631840796,0.9900497512437813,0.6019900497512438,0.9751243781094528,7.0,72883.95024875621,2016.0,6.54228855721393,17.83084577114428,24.402985074626866,2.004975124378109,0.5223880597014925,0.0,0.1890547263681592,0.2885572139303483,201.0,3.0
254,116.44112913636364,40.053212231060606,1111027935314.254,25.318181818181817,565.4651515151514,63690.24242424242,90.18178030303032,2.0946969696969697,1.4734848484848484,1.0,1.556818181818182,3.5681818181818183,2010.6704545454545,3.4393939393939394,5.545454545454546,0.4186742424242424,1.0,0.125,0.7575757575757576,7.0,78548.57575757576,2016.0,6.128787878787879,18.647727272727277,19.685606060606062,1.9090909090909087,0.0037878787878787,0.0,0.4204545454545454,0.5757575757575758,264.0,1.0
255,116.37271513449564,40.01389575965131,1111027531354.853,26.818181818181817,531.351805728518,61789.46201743462,83.66948941469491,1.9987546699875467,1.165628891656289,0.9925280199252802,1.1930261519302616,2.8567870485678704,2000.1519302615195,3.346201743462017,4.645080946450809,0.3832042341220423,0.6338729763387297,0.7173100871731009,0.4620174346201743,7.387297633872976,74695.00871731009,2016.0,6.053549190535492,17.68991282689913,13.650062266500624,2.183063511830635,0.3150684931506849,0.0,0.1980074719800747,0.4869240348692403,803.0,2.0
256,116.41854639247312,40.00100706541219,1111027641333.4663,25.25224014336917,494.02719534050175,57642.4605734767,88.31364247311828,2.035394265232975,1.2051971326164874,0.9910394265232976,1.2101254480286738,2.39247311827957,1997.3346774193549,3.210125448028674,4.950716845878136,0.371869623655914,0.7092293906810035,0.6460573476702509,0.7759856630824373,7.027777777777778,69532.70161290323,2016.0,6.071236559139785,16.963709677419356,16.74283154121864,2.1164874551971327,0.4959677419354839,0.0,0.1196236559139785,0.3844086021505376,2232.0,4.0
257,116.34965970069752,40.04569926506024,1111027739947.233,25.802155992390617,428.5490171211161,55232.5491439442,78.48625237793279,1.9613189600507293,1.1318960050729232,0.9968294229549778,1.1325301204819278,3.358275206087508,2000.983512999366,3.285986049461002,4.30564362714014,0.3961109701965758,0.544705136334813,0.6448953709575143,0.4901712111604312,7.952441344324667,66807.97083069119,2016.0,5.958782498414712,18.18135700697527,12.302473050095116,2.1756499682942296,0.1553582752060875,0.0,0.1756499682942295,0.6689917564996829,1577.0,8.0
258,116.345628964462,39.98533230108588,1111027909455.772,22.40177690029615,555.1093780848964,77831.6298124383,72.47267522211254,2.0384995064165845,1.0829220138203357,0.998025666337611,1.094768015794669,2.850937808489635,1993.6999012833169,3.258637709772952,4.11253701875617,0.3333218163869694,0.4886475814412636,0.6702862783810464,0.970384995064166,8.0,90410.09279368214,2016.0,6.432379072063179,17.484698914116485,12.261599210266535,2.1342546890424483,0.3336623889437315,0.0,0.1480750246791707,0.5182625863770978,1013.0,7.0
259,116.4138626660194,39.97944206990292,1111027652764.7554,25.9747572815534,397.4149514563107,61003.37281553398,66.67790291262136,1.978640776699029,1.0310679611650486,0.996116504854369,1.0737864077669903,3.050485436893204,1989.4718446601944,3.21747572815534,4.248543689320388,0.3529281553398058,0.4466019417475728,0.6640776699029126,1.0,6.499029126213593,72939.68737864078,2016.0,6.1242718446601945,17.174757281553397,10.73009708737864,2.254368932038835,0.2718446601941747,0.0,0.1339805825242718,0.5941747572815534,515.0,1.0
260,116.3891558956422,39.98156431766055,1111027513851.3418,27.33600917431193,502.3292431192661,74452.375,69.85214449541284,1.908256880733945,0.9621559633027524,0.9942660550458716,1.0561926605504588,2.604357798165138,1994.0344036697247,3.3073394495412844,3.837155963302752,0.3567339449541284,0.5447247706422018,0.6295871559633027,0.9426605504587156,8.505733944954128,92071.22247706422,2016.0,6.64908256880734,17.865825688073393,13.684633027522937,2.121559633027523,0.4266055045871559,0.0,0.1158256880733945,0.4575688073394495,872.0,5.0
261,116.39040975526316,39.96653988157895,1111027447454.471,30.475,637.0413157894737,99565.90263157897,64.98034210526315,1.9921052631578948,0.9986842105263158,0.988157894736842,1.0276315789473685,3.038157894736842,1990.2763157894735,3.244736842105264,3.232894736842105,0.3260092105263157,0.4710526315789474,0.6802631578947368,0.5526315789473685,9.50263157894737,121429.73289473684,2016.0,6.730263157894737,18.444736842105264,10.898684210526316,2.1789473684210527,0.2776315789473684,0.0013157894736842,0.1263157894736842,0.5947368421052631,760.0,0.0
262,116.31927533333334,39.97047818446602,1111027380674.0454,19.31715210355987,525.2378640776699,78929.24919093851,69.38223300970874,1.948220064724919,1.019417475728155,1.0,1.0388349514563109,2.621359223300971,1993.8996763754049,3.294498381877023,4.084142394822006,0.2991423948220065,0.5048543689320388,0.6148867313915858,0.7540453074433657,8.0,90808.53398058252,2016.0,6.595469255663431,18.307443365695796,12.06148867313916,2.132686084142395,0.4368932038834951,0.0,0.0679611650485436,0.4951456310679611,309.0,2.0
263,116.32559294148936,39.95086003191489,1111027379262.3777,20.888297872340427,607.868085106383,74046.77127659574,82.1843085106383,2.1595744680851063,1.0957446808510638,1.00531914893617,1.180851063829787,2.5585106382978724,1992.882978723404,3.148936170212766,4.670212765957447,0.3117978723404255,0.6223404255319149,0.6436170212765957,0.5904255319148937,8.159574468085106,86075.49468085106,2016.0,6.5638297872340425,17.388297872340427,13.638297872340424,2.1968085106382977,0.4202127659574468,0.0,0.1808510638297872,0.3989361702127659,188.0,1.0
264,116.32281641530054,39.98043993442623,1111027378711.3416,20.42896174863388,521.3704918032787,84273.02732240438,62.71073770491804,2.010928961748634,0.9590163934426228,1.0,1.0218579234972678,2.931693989071038,1988.5300546448088,3.3060109289617485,4.054644808743169,0.3063989071038251,0.4426229508196721,0.6530054644808743,1.0,8.0,95513.89890710382,2016.0,6.081967213114754,17.718579234972676,10.898907103825136,2.2049180327868854,0.3060109289617486,0.0,0.1502732240437158,0.5437158469945356,366.0,5.0
265,116.31905,39.992388,1111027374927.0,23.77777777777778,361.97222222222223,69477.61111111111,52.11111111111112,2.111111111111111,1.0,1.0,1.0,4.0,1982.555555555556,3.2222222222222223,2.0,0.3145555555555555,0.0,0.5555555555555556,1.0,8.0,87274.0,2016.0,6.833333333333333,16.88888888888889,5.555555555555555,2.111111111111111,0.0,0.0,0.0,1.0,18.0,0.0
266,116.29529386206896,40.02536706896552,1111027381402.9312,19.06896551724138,698.948275862069,56909.8275862069,126.27827586206897,2.827586206896552,1.6206896551724137,1.0,1.896551724137931,4.0,2002.7586206896551,3.4827586206896552,4.206896551724138,0.4654137931034482,0.5517241379310345,0.6896551724137931,0.3103448275862069,8.0,66300.3448275862,2016.0,5.931034482758621,14.93103448275862,6.068965517241379,2.0689655172413794,0.0,0.0,0.0,1.0,29.0,1.0
267,116.27524005976096,40.04378119654714,1111033299777.1912,23.669322709163342,619.6981407702524,65072.91633466136,97.17108897742364,2.308100929614874,1.2855245683930945,1.00132802124834,1.3081009296148738,3.729083665338645,2002.7397078353251,3.262948207171315,4.01062416998672,0.4222523240371846,0.4143426294820717,0.5312084993359893,0.5258964143426295,8.0,77839.97742363877,2016.0,6.079681274900398,18.083665338645417,6.844621513944223,2.270916334661355,0.0185922974767596,0.0,0.2151394422310757,0.7662682602921647,753.0,1.0
268,116.21670607575756,39.9749500909091,1111027379111.5151,14.712121212121213,345.2121212121212,39189.757575757576,88.05848484848484,2.015151515151515,1.196969696969697,0.9848484848484848,1.0303030303030305,4.0,2007.2878787878788,2.606060606060606,3.606060606060606,0.4456515151515151,0.0,0.2121212121212121,0.0,8.257575757575758,49703.98484848485,2016.0,6.318181818181818,17.484848484848484,4.46969696969697,2.287878787878788,0.0,0.0,0.0,1.0,66.0,0.0
269,116.1880344,40.0540166,1111027378521.2,14.08,421.828,34661.56,114.52,2.306666666666666,1.1733333333333331,1.0,1.4933333333333334,2.0,2011.4,2.2266666666666666,6.0,0.27224,1.0,0.0,0.0,8.0,54856.6,2016.0,6.1866666666666665,18.666666666666668,8.546666666666667,2.08,0.6666666666666666,0.0,0.0,0.3333333333333333,75.0,0.0
270,116.264621,40.087404,1111027376165.0,37.89655172413793,651.948275862069,50472.34482758621,130.9196551724138,2.3793103448275863,1.6206896551724137,1.0,1.6551724137931034,4.0,2010.9310344827584,2.689655172413793,5.586206896551724,0.4223793103448276,1.0,0.5517241379310345,0.0,8.0,65768.0,2016.0,5.275862068965517,18.27586206896552,7.689655172413793,2.034482758620689,0.0,0.0,0.0,1.0,29.0,1.0
273,116.30084693290736,39.96834888178913,1111027377080.0703,19.437699680511184,846.3447284345049,88232.87539936102,96.4284984025559,2.0798722044728435,1.2108626198083068,1.0,1.2843450479233227,2.4792332268370605,2000.5782747603837,3.2236421725239617,5.220447284345048,0.3472044728434504,0.8370607028753994,0.5942492012779552,0.6357827476038339,8.0,104548.84025559106,2016.0,6.277955271565495,16.226837060702877,13.329073482428116,2.0958466453674123,0.4920127795527156,0.0,0.0447284345047923,0.463258785942492,313.0,5.0
274,116.2952162346041,39.9472652595308,1111027378165.7874,24.001466275659823,621.9406158357772,68444.49120234603,93.58529325513196,2.1832844574780057,1.2126099706744868,1.002932551319648,1.284457478005865,2.7932551319648096,1996.9970674486804,3.247800586510264,4.771260997067449,0.3700381231671554,0.6788856304985337,0.6715542521994134,0.6070381231671554,8.008797653958945,81741.30205278592,2016.0,6.250733137829912,18.422287390029325,12.250733137829911,2.174486803519061,0.3357771260997067,0.0,0.1994134897360703,0.4648093841642228,682.0,5.0
275,116.18236830434782,39.93576306462985,1111027379434.772,20.613396004700352,278.43466509988247,35519.638072855465,77.28757931844888,2.0387779083431257,1.1045828437132783,0.9988249118683902,1.0587544065804937,2.773207990599295,1996.2455934195063,3.018801410105758,4.824911868390129,0.3776980023501762,0.5076380728554641,0.6462984723854289,0.2009400705052879,9.0,44254.31492361927,2016.0,6.478260869565218,18.329024676850764,12.511163337250292,2.210340775558167,0.3689776733254994,0.0,0.1198589894242068,0.5111633372502937,851.0,1.0
277,116.30871601098904,39.98691230769231,1111027373915.3296,21.81318681318681,547.2362637362637,81971.38461538461,67.62263736263736,1.7692307692307692,0.8241758241758241,1.0,1.043956043956044,2.934065934065934,1995.4395604395604,3.417582417582417,4.769230769230769,0.3231978021978022,0.6593406593406593,0.6813186813186813,0.6813186813186813,8.0,89547.76923076923,2016.0,6.263736263736264,17.593406593406595,13.373626373626374,2.175824175824176,0.2087912087912088,0.0,0.4395604395604395,0.3516483516483517,91.0,0.0
278,116.25753743432574,39.92770393082312,1111027470352.81,24.697898423817865,392.7094570928196,54785.70840630473,70.37693520140105,1.9824868651488616,1.0665499124343258,1.0,1.1042031523642732,3.32399299474606,1994.9378283712783,3.2014010507880912,3.607705779334501,0.3826646234676006,0.3353765323992995,0.638353765323993,0.436077057793345,8.316112084063047,67104.72504378283,2016.0,6.2381786339754814,18.203152364273205,9.027145359019263,2.308231173380035,0.190893169877408,0.0,0.1033274956217162,0.7057793345008757,1142.0,1.0
279,116.12014888421054,39.93686648157895,1111036389248.4685,20.6,231.59105263157895,28002.33947368421,82.926,2.068421052631579,1.068421052631579,1.0,1.1342105263157896,3.852631578947368,2001.0526315789475,3.210526315789474,3.731578947368421,0.4052578947368421,0.3815789473684211,0.6868421052631579,0.0,12.0,38314.95526315789,2016.0,6.026315789473684,16.513157894736842,9.352631578947369,2.3,0.0105263157894736,0.0,0.1157894736842105,0.8736842105263158,380.0,1.0
281,116.19483717757008,39.91880474766355,1111027374523.7944,21.710280373831772,207.55560747663552,36495.36448598131,57.28182242990654,1.97196261682243,0.7990654205607477,1.0,1.0093457943925233,3.5841121495327104,1985.4532710280373,3.014018691588785,3.037383177570093,0.3512196261682243,0.1728971962616822,0.6074766355140186,0.7149532710280374,9.0,46516.331775700935,2016.0,6.434579439252336,17.939252336448597,7.504672897196261,2.3598130841121496,0.1261682242990654,0.0,0.0373831775700934,0.8364485981308412,214.0,3.0
282,116.147569,39.903963,1111052133592.0,10.77777777777778,315.9777777777778,34183.0,93.72222222222224,2.4444444444444446,1.0,1.0,1.2222222222222223,4.0,2013.0,2.4444444444444446,6.0,0.5927777777777777,1.0,0.0,0.0,12.0,44889.0,2016.0,7.111111111111111,15.666666666666666,22.444444444444443,2.111111111111111,0.0,0.0,0.0,1.0,9.0,2.0
283,116.190131,39.865082,1111047336891.0,37.0,534.5,37582.0,142.3,3.0,2.0,1.0,2.0,4.0,2014.0,2.5,6.0,0.5,0.0,0.0,1.0,2.0,28916.5,2016.0,5.0,20.5,18.0,2.0,0.0,0.0,0.0,1.0,2.0,0.0
284,116.23125046984924,39.90930558291457,1111027380412.9648,20.190954773869347,257.2751256281407,39518.94221105528,65.66439698492462,2.042713567839196,1.0452261306532664,1.0,1.0276381909547738,3.4899497487437188,1990.8693467336684,3.010050251256281,3.391959798994975,0.3959020100502512,0.2336683417085427,0.6658291457286433,0.2738693467336683,9.0,49360.91206030151,2016.0,6.273869346733668,17.51005025125628,8.329145728643216,2.3442211055276383,0.1381909547738693,0.0,0.0954773869346733,0.7663316582914573,398.0,3.0
285,116.259844,39.912414,1111027374388.0,11.038461538461538,428.6923076923077,71731.46153846153,60.395,1.8846153846153848,0.9615384615384616,1.0,1.0,3.3846153846153846,1990.4615384615383,3.230769230769231,4.461538461538462,0.2261923076923077,0.6153846153846154,0.8076923076923077,1.0,8.0,84983.0,2016.0,6.538461538461538,16.692307692307693,12.153846153846152,1.8846153846153848,0.0,0.0,0.6153846153846154,0.3846153846153846,26.0,0.0
288,116.27237819794344,39.877891025706944,1111030932669.431,20.311053984575835,373.7335475578406,42705.57326478149,86.36237789203084,2.0089974293059125,1.2030848329048842,0.993573264781491,1.2223650385604112,2.7390745501285347,2004.016709511568,3.107969151670951,5.272493573264781,0.3585706940874036,0.6812339331619537,0.5154241645244216,0.4627249357326478,2.2005141388174807,54862.91388174807,2016.0,6.244215938303342,17.831619537275063,18.65552699228792,2.127249357326478,0.3637532133676092,0.0,0.1696658097686375,0.4665809768637532,778.0,8.0
289,116.31525172794116,39.86690162132353,1111027377738.2903,34.65808823529412,385.95845588235295,43726.12132352941,88.5010294117647,1.963235294117647,1.3455882352941178,1.0036764705882353,1.1948529411764706,2.547794117647059,2003.2794117647056,3.1213235294117645,5.367647058823529,0.3950845588235294,0.8161764705882353,0.6985294117647058,0.875,2.0,56723.83455882353,2016.0,5.8125,16.503676470588236,17.356617647058822,2.117647058823529,0.4338235294117647,0.0,0.150735294117647,0.4154411764705882,272.0,6.0
290,116.29817792678406,39.83768683503244,1111027461861.0574,22.772011121408717,341.9073215940686,39393.50973123263,86.03859128822984,1.9323447636700648,1.143651529193698,0.9962928637627432,1.1983317886932343,2.510658016682113,2002.1538461538464,2.9620018535681187,4.778498609823911,0.4182029657089898,0.6552363299351252,0.6144578313253012,0.5542168674698795,2.1260426320667283,50371.1000926784,2016.0,6.047265987025023,17.46339202965709,16.66728452270621,2.160333642261353,0.4596848934198331,0.0,0.1102873030583874,0.4300278035217794,1079.0,16.0
293,116.3713075,39.80072827542373,1111030808523.3306,21.440677966101696,258.8949152542373,31403.254237288136,84.38525423728812,2.254237288135593,1.1440677966101696,0.9957627118644068,1.1779661016949152,3.7584745762711855,2001.9110169491528,2.919491525423729,3.3813559322033897,0.4742796610169492,0.3135593220338983,0.5932203389830508,0.2076271186440678,3.5254237288135597,41448.34322033898,2016.0,6.02542372881356,16.177966101694917,9.084745762711863,2.3347457627118646,0.0550847457627118,0.0,0.0762711864406779,0.8686440677966102,236.0,2.0
294,116.36598309974426,39.85106057033248,1111027377372.665,28.414322250639387,350.6895140664962,43810.59335038364,79.99785166240409,1.9539641943734016,1.0895140664961638,1.0025575447570332,1.104859335038363,3.109974424552429,2001.373401534527,2.8823529411764706,4.910485933503836,0.7966393861892583,0.649616368286445,0.6214833759590793,0.9514066496163684,2.0,61701.27621483376,2016.0,5.19693094629156,17.726342710997443,13.381074168797952,2.21994884910486,0.2966751918158568,0.0,0.0,0.7033248081841432,391.0,4.0
295,116.35063653061223,39.86174547959183,1111027379296.5408,23.387755102040817,310.3397959183673,47614.02040816326,64.91357142857143,1.6938775510204085,1.0714285714285714,1.0,1.030612244897959,3.13265306122449,2000.3367346938776,3.0816326530612246,5.0,0.4337857142857143,0.7040816326530612,0.5204081632653061,0.2959183673469387,2.0,61150.60204081632,2016.0,5.826530612244898,17.071428571428573,12.79591836734694,2.122448979591837,0.2653061224489796,0.0,0.0714285714285714,0.6632653061224489,98.0,0.0
296,116.28634150892856,39.85361782142856,1111027379202.598,25.116071428571427,282.50357142857143,37611.59821428572,76.09616071428572,1.9642857142857144,1.125,1.0,1.0446428571428572,2.0625,2000.1785714285716,2.946428571428572,5.625,0.3165982142857143,0.6517857142857143,0.7142857142857143,0.5178571428571429,2.0,48386.294642857145,2016.0,6.151785714285714,18.4375,17.169642857142858,2.044642857142857,0.5892857142857143,0.0,0.1696428571428571,0.2410714285714285,112.0,0.0
297,116.38854889247312,39.84547841182796,1111027378326.87,26.212903225806453,309.47989247311824,42052.541935483874,72.03167741935485,1.7967741935483872,0.9795698924731184,0.9817204301075269,1.0666666666666669,2.8860215053763443,2003.3333333333333,3.1150537634408604,4.694623655913978,0.3827086021505376,0.6591397849462366,0.5741935483870968,0.8580645161290322,2.0,51996.84301075269,2016.0,6.074193548387097,17.274193548387096,12.968817204301075,2.246236559139785,0.3053763440860215,0.0,0.1978494623655914,0.4967741935483871,930.0,1.0
299,116.379379890681,39.85368193548387,1111027379055.733,28.405017921146957,342.0120071684588,45551.50358422939,75.32116487455197,1.8351254480286736,1.028673835125448,0.996415770609319,1.1451612903225807,2.496415770609319,2001.354838709677,3.1917562724014337,5.168458781362007,0.2984784946236559,0.7706093189964157,0.6129032258064516,0.7562724014336918,2.0,57146.56630824373,2016.0,6.21505376344086,17.163082437275985,15.45878136200717,2.2795698924731185,0.449820788530466,0.0,0.1541218637992831,0.3960573476702509,558.0,0.0
300,116.45339610817308,39.82293808894231,1111027819291.1418,26.92548076923077,353.6230769230769,38386.21634615384,94.9311778846154,2.1177884615384617,1.4350961538461535,1.0,1.3052884615384617,3.5552884615384617,2005.1346153846157,3.293269230769231,4.682692307692308,0.3481610576923077,0.5841346153846154,0.6105769230769231,0.25,4.403846153846154,48823.53125,2016.0,5.6923076923076925,18.302884615384617,8.591346153846153,2.1802884615384617,0.0384615384615384,0.0,0.3293269230769231,0.6322115384615384,416.0,0.0
301,116.4311339654054,39.8528356054054,1111027710798.7654,28.782702702702704,314.9698378378378,41835.16648648649,74.1967027027027,1.7113513513513514,1.078918918918919,0.9989189189189188,1.1243243243243244,2.468108108108108,2003.025945945946,3.367567567567568,5.325405405405405,0.3192843243243243,0.8237837837837838,0.5751351351351351,0.8886486486486487,2.803243243243243,53613.858378378376,2016.0,6.212972972972973,17.496216216216215,16.111351351351352,2.149189189189189,0.4075675675675675,0.0,0.3091891891891892,0.2832432432432432,925.0,4.0
302,116.47023648820328,39.85180032123412,1111027945342.483,22.1978221415608,334.7390199637024,38685.94010889292,88.18364791288566,2.0834845735027225,1.2595281306715065,1.0,1.1796733212341195,2.9872958257713247,2001.08166969147,3.0998185117967334,4.294010889292196,0.3970798548094373,0.5281306715063521,0.6787658802177858,0.3629764065335753,4.123411978221416,50517.49727767695,2016.0,5.921960072595281,17.756805807622506,11.938294010889292,2.355716878402904,0.2740471869328493,0.0,0.190562613430127,0.5353901996370236,551.0,3.0
303,116.512916,39.864254,1111027376354.0,26.447653429602887,328.7238267148014,35061.98555956679,94.21270758122743,1.9927797833935017,1.288808664259928,1.0036101083032491,1.2851985559566788,3.046931407942238,2006.436823104693,3.368231046931408,5.653429602888087,0.4100252707581227,0.8194945848375451,0.7653429602888087,0.2635379061371841,7.0,46072.0,2016.0,5.826714801444044,16.425992779783392,14.736462093862816,2.3501805054151625,0.1660649819494584,0.0,0.4548736462093863,0.3790613718411552,277.0,1.0
304,116.45610679318736,39.8747393649635,1111027376740.0146,25.89537712895377,373.98734793187344,41679.01459854015,91.95542579075426,2.046228710462287,1.1557177615571776,0.9975669099756692,1.2506082725060828,1.416058394160584,2003.807785888078,2.9197080291970803,5.75669099756691,0.2841070559610705,0.9391727493917276,0.3698296836982968,0.9562043795620438,5.795620437956204,54202.3795620438,2016.0,6.226277372262774,17.822384428223845,22.78102189781022,1.9902676399026764,0.8394160583941606,0.0,0.0656934306569343,0.0948905109489051,411.0,1.0
305,116.42906736340204,39.87480201546392,1111027424657.4458,28.670103092783503,315.6690721649485,52492.23453608248,60.15884020618557,1.6855670103092784,0.9201030927835052,0.961340206185567,1.0360824742268042,2.4123711340206184,1995.0309278350517,3.2603092783505154,4.639175257731959,0.281041237113402,0.6623711340206185,0.6417525773195877,0.9871134020618556,1.7757731958762886,65011.56701030928,2016.0,6.368556701030927,18.190721649484537,16.4819587628866,2.1108247422680413,0.4664948453608247,0.0,0.1881443298969072,0.345360824742268,388.0,0.0
306,116.42615563293312,39.86464437735849,1111027378001.7754,35.36878216123499,336.5042881646655,43944.576329331045,78.49008576329331,1.9176672384219555,1.0583190394511148,0.9914236706689536,1.1406518010291595,2.5248713550600344,1998.3430531732415,3.387650085763293,5.097770154373928,0.3312418524871355,0.7272727272727273,0.6500857632933105,0.8679245283018868,1.8610634648370497,56226.22813036021,2016.0,6.032590051457976,17.451114922813037,15.595197255574616,2.186963979416809,0.4013722126929674,0.0,0.2710120068610634,0.3276157804459691,583.0,4.0
307,116.35666980407125,39.875129979643766,1111027380135.4402,22.0559796437659,469.9468193384224,57737.16030534351,82.9134096692112,1.979643765903308,1.231552162849873,0.9974554707379136,1.2188295165394405,2.486005089058524,1997.865139949109,3.198473282442748,4.753180661577608,0.3497862595419848,0.6641221374045801,0.7048346055979644,0.0,3.994910941475827,73346.34605597964,2016.0,6.068702290076335,16.491094147582697,16.361323155216287,2.1399491094147582,0.4758269720101781,0.0,0.0865139949109414,0.4376590330788804,393.0,1.0
308,116.35382550760455,39.88411125285171,1111027927989.382,30.916349809885933,437.861216730038,63847.583650190114,71.1556463878327,1.855513307984791,0.9809885931558936,0.9980988593155894,1.1007604562737645,2.8631178707224336,1996.6634980988592,3.043726235741445,4.346007604562738,0.3107433460076045,0.5228136882129277,0.6825095057034221,0.0494296577946768,10.0,81378.09885931559,2016.0,6.038022813688213,17.222433460076047,13.486692015209126,2.201520912547529,0.3174904942965779,0.0,0.1844106463878327,0.4980988593155893,526.0,1.0
309,116.37312440997228,39.87816990858726,1111027379771.3628,24.99168975069252,516.0457063711912,66289.3324099723,77.54565096952908,2.119113573407202,1.074792243767313,1.0,1.146814404432133,3.53185595567867,1994.7146814404432,3.1357340720221605,3.3185595567867034,0.3744930747922438,0.2936288088642659,0.6703601108033241,0.4376731301939058,7.340720221606648,83319.99445983379,2016.0,6.174515235457064,16.479224376731302,9.166204986149584,2.257617728531856,0.113573407202216,0.0,0.1274238227146814,0.7590027700831025,361.0,0.0
310,116.39653100558658,39.86400083612663,1111027379998.0745,22.949720670391063,310.3824953445065,41152.113594040966,76.72903165735568,1.893854748603352,1.0353817504655494,0.994413407821229,1.132216014897579,2.3482309124767227,1997.0055865921788,2.9553072625698324,4.737430167597766,0.3191843575418994,0.6834264432029795,0.595903165735568,0.4134078212290503,1.899441340782123,53222.195530726254,2016.0,5.687150837988827,18.27001862197393,15.042830540037244,2.195530726256983,0.4934823091247672,0.0,0.1713221601489758,0.3351955307262569,537.0,2.0
311,116.38647975581397,39.88288859302325,1111027378449.9768,25.69767441860465,454.9651162790698,73072.29069767441,62.410348837209305,1.936046511627907,1.005813953488372,1.0,1.0116279069767442,3.2906976744186047,1993.4127906976744,3.058139534883721,3.872093023255814,0.3259418604651162,0.4244186046511627,0.7267441860465116,0.7674418604651163,7.877906976744186,86326.00581395348,2016.0,6.534883720930233,17.738372093023255,9.511627906976743,2.2674418604651163,0.1453488372093023,0.0,0.2732558139534883,0.5813953488372093,172.0,2.0
312,116.40108147557004,39.87850995114007,1111027633291.3354,26.01628664495114,538.8742671009771,69019.91205211726,77.42511400651465,2.0,1.1400651465798046,1.006514657980456,1.1302931596091206,3.2964169381107493,1995.57328990228,3.273615635179153,4.195439739413681,0.3108892508143322,0.5211726384364821,0.6319218241042345,0.5960912052117264,4.429967426710098,83795.36156351792,2016.0,6.237785016286645,17.713355048859935,11.332247557003257,2.175895765472313,0.1140065146579804,0.0,0.3615635179153094,0.5244299674267101,307.0,1.0
313,116.41877561111112,39.87628427777778,1111027378043.6482,40.51851851851852,335.10185185185185,57495.333333333336,59.205000000000005,2.0185185185185186,0.9074074074074074,1.0,1.0,3.8333333333333335,1985.574074074074,3.1296296296296298,3.2962962962962963,0.3702407407407407,0.2407407407407407,0.7222222222222222,0.8888888888888888,1.2592592592592593,69652.03703703704,2016.0,6.462962962962963,17.37037037037037,7.24074074074074,2.703703703703704,0.0,0.0,0.1666666666666666,0.8333333333333334,54.0,0.0
314,116.46637467123288,39.88534560193392,1111027378143.7131,32.340048348106365,317.75406929895246,46350.50120870266,68.6025946817083,1.911361804995971,0.9943593875906528,0.9967767929089444,1.0684931506849316,2.588235294117647,1992.8162771958096,3.106365834004835,4.590652699435939,0.3158976631748589,0.5761482675261885,0.7421434327155519,0.9178082191780822,6.700241740531829,59146.81385979049,2016.0,6.021756647864625,17.445608380338438,13.4955680902498,2.2385173247381145,0.4182111200644641,0.0,0.1571313456889605,0.4246575342465753,1241.0,3.0
318,116.16429733333332,40.08819133333333,1111033879883.3333,33.94444444444444,261.09444444444443,37589.77777777778,69.89611111111111,2.055555555555556,1.1111111111111112,1.0,1.0,4.0,1993.8333333333333,2.9444444444444446,2.2222222222222223,0.3701111111111111,0.0,0.6666666666666666,0.6666666666666666,8.0,49019.0,2016.0,7.666666666666667,18.5,5.555555555555555,2.4444444444444446,0.0,0.0,0.0,1.0,18.0,1.0
319,116.22967242266462,39.90170003369066,1111027378911.309,18.22664624808576,316.7251148545176,41304.50535987749,75.74127105666156,1.863705972434916,1.1868300153139355,0.998468606431853,1.0781010719754978,3.196018376722818,1998.652373660031,3.091883614088821,4.125574272588056,0.363937212863706,0.5145482388973966,0.5911179173047473,0.0796324655436447,9.0,52586.76110260337,2016.0,6.416539050535988,17.529862174578867,12.860643185298622,2.2067381316998467,0.2373660030627871,0.0,0.0918836140888208,0.6707503828483921,653.0,1.0
320,116.26369481756755,39.9041126463964,1111027379785.428,18.83783783783784,407.0375,48148.04504504504,86.0784009009009,1.9065315315315317,1.222972972972973,1.0011261261261262,1.1711711711711712,2.438063063063063,2000.4898648648648,3.34009009009009,5.193693693693693,0.3168648648648648,0.7927927927927928,0.6509009009009009,0.2972972972972973,5.861486486486487,59422.68130630631,2016.0,6.013513513513513,17.298423423423422,19.13738738738739,2.060810810810811,0.4009009009009009,0.0,0.3592342342342342,0.2398648648648648,888.0,2.0
321,116.410669,39.925596,1111027374294.0,120.0,355.0,82272.0,43.15,1.0,1.0,1.0,1.0,4.0,1987.0,4.0,2.0,0.333,0.0,0.0,0.0,1.0,107674.0,2016.0,7.0,27.0,6.0,3.0,0.0,0.0,0.0,1.0,1.0,0.0
322,116.41758808421052,39.92575854736842,1111028004649.137,32.68421052631579,490.2915789473684,85065.8,58.44210526315789,1.9684210526315788,0.8736842105263158,0.9789473684210528,0.968421052631579,3.736842105263158,1988.978947368421,3.3263157894736843,3.421052631578948,0.3260947368421052,0.1578947368421052,0.7578947368421053,0.8421052631578947,1.0,108551.7894736842,2016.0,6.557894736842106,16.36842105263158,6.778947368421052,2.2,0.031578947368421,0.031578947368421,0.1052631578947368,0.8315789473684211,95.0,0.0
323,116.39021939252336,39.90877757943925,1111031799861.187,18.60747663551402,619.5682242990655,94763.45794392524,66.25803738317757,2.0186915887850465,0.8785046728971962,1.0,1.074766355140187,3.7850467289719623,1992.214953271028,2.9906542056074765,4.934579439252336,0.2708411214953271,0.2429906542056074,0.6074766355140186,1.0,10.0,109646.35514018692,2016.0,6.869158878504673,18.065420560747665,7.4485981308411215,2.0093457943925235,0.0560747663551401,0.0,0.0467289719626168,0.897196261682243,107.0,12.0
324,116.41793857142856,39.92060521428572,1111027378166.2856,57.0,519.2142857142857,79674.71428571429,67.10857142857142,2.071428571428572,0.9285714285714286,1.0,1.0714285714285714,3.7142857142857135,1989.0,3.357142857142857,2.571428571428572,0.3689285714285714,0.2857142857142857,0.7857142857142857,1.0,1.0,112823.71428571428,2016.0,6.0,16.142857142857142,6.857142857142857,2.9285714285714284,0.0,0.0,0.2857142857142857,0.7142857142857143,14.0,4.0
325,116.50915110163136,39.94623707706732,1111027451223.8948,27.830301893868366,407.02685167823,48417.84249015564,83.57087567972998,1.9075567222951435,1.1644477779861242,0.9973748359272454,1.1957622351396962,2.712544534033377,1999.9186199137448,3.3510219388711797,5.0076879804987815,0.3671856366022876,0.6902306394149634,0.6806675417213576,0.6390399399962498,7.0,61350.55672229514,2016.0,6.067129195574723,17.402212638289893,16.43465216576036,2.17626101631352,0.3495218451153197,0.0,0.2388899306206638,0.4115882242640165,5333.0,16.0
